X,Y,r,PL,RMS,trajectory_id,step_id,PL_squared,RMS_squared,PL_cubed,RMS_cubed,PL_log,RMS_log,PL_sqrt,RMS_sqrt,PL_reciprocal,RMS_reciprocal,PL_RMS,PL_squared_RMS,PL_RMS_squared,PL_squared_RMS_squared,PL_RMS_ratio,RMS_PL_ratio,PL_minus_RMS,PL_plus_RMS,abs_PL_minus_RMS,PL_RMS_harmonic_mean,PL_RMS_geometric_mean,PL^2,PL RMS,RMS^2,PL^3,PL^2 RMS,PL RMS^2,RMS^3
-1818,-779,1977.87,62.2,8.16,0,0,3868.84,66.5856,240641.84800000003,543.3384960000001,4.130354999746742,2.0992441689882706,7.886697661252142,2.85657137141714,0.016077170417980582,0.1225490196063413,507.552,31569.7344,4141.62432,257609.032704,7.622549019514429,0.13118971061072154,54.040000000000006,70.36,54.040000000000006,14.427288231929467,22.52891475415538,3868.84,507.552,66.5856,240641.84800000003,31569.7344,4141.62432,543.338496
-2219,-895,2392.69,63.8,9.18,0,1,4070.4399999999996,84.27239999999999,259694.07199999996,773.6206319999999,4.1557531903523115,2.2170272046432924,7.987490219086343,3.0298514815086235,0.015673981191198002,0.10893246187245172,585.684,37366.6392,5376.579119999999,343025.7478559999,6.94989106746242,0.14388714733519767,54.62,72.97999999999999,54.62,16.050534392962387,24.200909073834396,4070.4399999999996,585.684,84.27239999999999,259694.07199999996,37366.6392,5376.579119999999,773.6206319999999
-1686,-903,1912.59,62.3,7.74,0,2,3881.2899999999995,59.9076,241804.36699999997,463.68482400000005,4.131961425795013,2.046401687614556,7.893034904268446,2.7820855486487113,0.016051364365945342,0.1291989664065995,482.202,30041.184599999997,3732.24348,232518.768804,8.049095607131148,0.12423756019241695,54.559999999999995,70.03999999999999,54.559999999999995,13.769331810374403,21.959098342145108,3881.2899999999995,482.202,59.9076,241804.36699999997,30041.184599999997,3732.24348,463.68482400000005
-2038,-927,2238.92,63.8,9.14,0,3,4070.4399999999996,83.53960000000001,259694.07199999996,763.5519440000002,4.1557531903523115,2.2126603854769997,7.987490219086343,3.023243291566195,0.015673981191198002,0.1094091903707942,583.1320000000001,37203.821599999996,5329.826480000001,340042.929424,6.98030634565667,0.14326018808754976,54.66,72.94,54.66,15.989361118705801,24.148126221303386,4070.4399999999996,583.1320000000001,83.53960000000001,259694.07199999996,37203.8216,5329.826480000001,763.5519440000002
-1805,-1164,2147.77,63.7,8.61,0,4,4057.6900000000005,74.1321,258474.85300000003,638.2773809999999,4.154184562579688,2.152924318451254,7.981227975693966,2.9342801502242417,0.01569858712713391,0.11614401858169404,548.457,34936.710900000005,4722.21477,300805.080849,7.398373983653911,0.13516483516462297,55.09,72.31,55.09,15.169603097752496,23.419158823493213,4057.6900000000005,548.457,74.1321,258474.85300000003,34936.7109,4722.21477,638.2773809999999
-1288,-920,1582.83,63.6,8.73,0,5,4044.96,76.2129,257259.456,665.3386170000001,4.1526134703476485,2.166765369862966,7.974960814950754,2.9546573405388314,0.01572327044022685,0.11454753722663748,555.2280000000001,35312.5008,4847.14044,308278.13198400004,7.285223367614144,0.1372641509431804,54.870000000000005,72.33,54.870000000000005,15.352633761903288,23.56327651240379,4044.96,555.2280000000001,76.2129,257259.456,35312.5008,4847.14044,665.3386170000001
-727,-964,1207.4,62.6,8.44,0,6,3918.76,71.2336,245314.37600000002,601.2115839999999,4.13676527810765,2.132982308619714,7.912016177940993,2.90516780926679,0.01597444089454317,0.11848341232087106,528.3439999999999,33074.3344,4459.22336,279147.382336,7.417061611286528,0.13482428114994435,54.160000000000004,71.04,54.160000000000004,14.874549549528608,22.985734706552236,3918.76,528.3439999999999,71.2336,245314.37600000002,33074.3344,4459.22336,601.2115839999999
-196,-1244,1259.35,61.6,7.96,0,7,3794.5600000000004,63.3616,233744.896,504.358336,4.120661870541097,2.0744289998688545,7.848566748139434,2.821347195933177,0.01623376623373988,0.12562814070193934,490.336,30204.697600000003,3903.0745600000005,240429.39289600003,7.738693467239464,0.12922077922056943,53.64,69.56,53.64,14.098217366282205,22.143531786957563,3794.5600000000004,490.336,63.3616,233744.89600000004,30204.697600000003,3903.0745600000005,504.358336
-711,-1464,1627.52,61.9,7.76,0,8,3831.6099999999997,60.2176,237176.65899999999,467.288576,4.125520179692166,2.048982334208014,7.867655305108378,2.7856776554368237,0.01615508885296259,0.12886597937978267,480.344,29733.293599999997,3727.46944,230730.35833599998,7.976804123608546,0.1253634894989897,54.14,69.66,54.14,13.791099626738744,21.916751584119396,3831.6099999999997,480.344,60.2176,237176.65899999999,29733.293599999997,3727.46944,467.288576
-994,-1334,1663.61,62.8,8.14,0,9,3943.8399999999997,66.2596,247673.15199999997,539.3531440000002,4.139955073475745,2.096790180026734,7.92464510246358,2.8530685235374214,0.015923566878955537,0.12285012284861363,511.192,32102.8576,4161.10288,261317.260864,7.714987714892936,0.12961783439469807,54.66,70.94,54.66,14.411953763723693,22.609555502043822,3943.8399999999997,511.192,66.2596,247673.15199999997,32102.8576,4161.10288,539.353144
-745,-1331,1525.32,62.2,7.9,1,0,3868.84,62.410000000000004,240641.84800000003,493.03900000000004,4.130354999746742,2.066862759485634,7.886697661252142,2.8106938645110393,0.016077170417980582,0.12658227847941034,491.38000000000005,30563.836000000003,3881.9020000000005,241454.30440000002,7.873417721419324,0.1270096463020466,54.300000000000004,70.10000000000001,54.300000000000004,14.019400855900114,22.167092727734957,3868.84,491.38000000000005,62.410000000000004,240641.84800000003,30563.836000000003,3881.9020000000005,493.03900000000004
-1123,-1495,1869.8,63.5,8.21,1,1,4032.25,67.40410000000001,256047.875,553.3876610000002,4.1510399059002205,2.1053529234765174,7.968688725254614,2.8653097563788807,0.015748031496038192,0.1218026796574689,521.335,33104.77250000001,4280.160350000001,271790.18222500006,7.734470158249275,0.12929133858247358,55.29,71.71000000000001,55.29,14.540092037352474,22.83276155001843,4032.25,521.335,67.40410000000001,256047.875,33104.7725,4280.160350000001,553.3876610000002
-1553,-1467,2136.33,62.9,7.98,1,2,3956.41,63.680400000000006,248858.18899999998,508.1695920000001,4.141546163707985,2.0769384114742486,7.930952023559341,2.824889378365107,0.015898251192343563,0.1253132832064497,501.942,31572.1518,4005.4971600000003,251945.77136400001,7.882205513685686,0.12686804451490163,54.92,70.88,54.92,14.163148984178665,22.40406213167603,3956.41,501.942,63.680400000000006,248858.18899999998,31572.1518,4005.4971600000003,508.1695920000001
-1602,-1079,1931.49,63.9,8.89,1,3,4083.21,79.03210000000001,260917.11899999998,702.5953690000001,4.157319361385054,2.184927049537062,7.993747556684537,2.981610303175115,0.01564945226914609,0.11248593925632748,568.071,36299.7369,5050.1511900000005,322704.66104100004,7.187851518479326,0.13912363067270875,55.01,72.78999999999999,55.01,15.608490177200705,23.834240075991517,4083.21,568.071,79.03210000000001,260917.119,36299.7369,5050.1511900000005,702.5953690000001
-1216,-1103,1641.73,63.6,8.68,1,4,4044.96,75.3424,257259.456,653.9720319999999,4.1526134703476485,2.1610215286837797,7.974960814950754,2.946183972531247,0.01572327044022685,0.11520737327056213,552.048,35110.2528,4791.77664,304756.994304,7.327188940007752,0.13647798742116904,54.92,72.28,54.92,15.275262866608639,23.495701734572645,4044.96,552.048,75.3424,257259.456,35110.2528,4791.77664,653.972032
-1065,-763,1310.11,63.4,9.25,1,5,4019.56,85.5625,254840.104,791.453125,4.149463861444757,2.2246235515351445,7.962411694957753,3.0413812651491097,0.01577287066243569,0.10810810810693937,586.4499999999999,37180.93,5424.662499999999,343923.6025,6.854054053979956,0.14589905362753014,54.15,72.65,54.15,16.14452856157447,24.21672975444868,4019.56,586.4499999999999,85.5625,254840.104,37180.92999999999,5424.662499999999,791.453125
-690,-1207,1390.31,63.2,8.79,1,6,3994.2400000000002,77.26409999999998,252435.96800000002,679.1514389999998,4.1463043011543945,2.173614711708462,7.9498427657407165,2.9647934160747185,0.015822784810101544,0.11376564277458744,555.528,35109.3696,4883.091119999999,308611.358784,7.189988623353926,0.13908227848079258,54.410000000000004,71.99000000000001,54.410000000000004,15.433476871766308,23.569641490697308,3994.2400000000002,555.528,77.26409999999998,252435.96800000002,35109.369600000005,4883.091119999999,679.1514389999998
-144,-1093,1102.45,62.0,8.17,1,7,3844.0,66.74889999999999,238328.0,545.338513,4.127134385046705,2.1004689088841513,7.874007874011811,2.8583211855912904,0.016129032258038502,0.12239902080633538,506.54,31405.48,4138.431799999999,256582.77159999998,7.588739289992794,0.13177419354817455,53.83,70.17,53.83,14.437508906919712,22.506443521800595,3844.0,506.54,66.74889999999999,238328.0,31405.48,4138.431799999999,545.3385129999999
-350,-729,808.67,61.4,7.89,1,8,3769.96,62.25209999999999,231475.544,491.1690689999999,4.117409835154725,2.0655961348704572,7.835815209663893,2.808914381037628,0.016286644951113538,0.12674271229243672,484.44599999999997,29744.984399999998,3822.2789399999992,234687.92691599997,7.782002534755615,0.12850162866428583,53.51,69.28999999999999,53.51,13.983143310702868,22.010134029578282,3769.96,484.44599999999997,62.25209999999999,231475.544,29744.984399999998,3822.2789399999992,491.1690689999999
-354,-1173,1225.25,61.8,8.07,1,9,3819.24,65.12490000000001,236029.03199999998,525.557943,4.123903364465264,2.088153482294249,7.861297602813418,2.8407745422683583,0.0161812297734366,0.12391573729710141,498.726,30821.266799999998,4024.7188200000005,248727.62307600002,7.657992564960867,0.13058252427163336,53.73,69.87,53.73,14.275826534973126,22.33217409926763,3819.24,498.726,65.12490000000001,236029.03199999998,30821.266799999998,4024.7188200000005,525.5579430000001
-1871,-1036,2138.68,63.8,9.16,2,0,4070.4399999999996,83.9056,259694.07199999996,768.575296,4.1557531903523115,2.214846178696956,7.987490219086343,3.026549190084311,0.015673981191198002,0.10917030567566408,584.408,37285.2304,5353.17728,341532.710464,6.965065502107368,0.14357366771137373,54.64,72.96,54.64,16.019956140328922,24.17453205338213,4070.4399999999996,584.408,83.9056,259694.07199999996,37285.2304,5353.17728,768.5752960000001
-1363,-962,1668.3,62.7,8.49,2,1,3931.2900000000004,72.0801,246491.88300000003,611.960049,4.13836144764047,2.1388890003350345,7.918333157931662,2.9137604568666933,0.01594896331735893,0.11778563015173397,532.3230000000001,33376.65210000001,4519.42227,283367.776329,7.38515901051372,0.13540669856437734,54.21,71.19,54.21,14.95499367886648,23.072126039877645,3931.2900000000004,532.3230000000001,72.0801,246491.88300000003,33376.65210000001,4519.42227,611.960049
-966,-1253,1582.14,63.4,8.51,2,2,4019.56,72.42009999999999,254840.104,616.295051,4.149463861444757,2.1412419425970337,7.962411694957753,2.9171904291629644,0.01577287066243569,0.11750881315960625,539.534,34206.4556,4591.434339999999,291096.93715599994,7.450058754319036,0.13422712933732772,54.89,71.91,54.89,15.005812821561666,23.227871189586015,4019.56,539.534,72.42009999999999,254840.104,34206.4556,4591.434339999999,616.295051
-1302,-1151,1737.82,64.1,9.39,2,3,4108.8099999999995,88.17210000000001,263374.7209999999,827.9360190000001,4.1604443639281845,2.2396452932308213,8.006247560499238,3.0643106892089125,0.01560062402493666,0.10649627262932378,601.899,38581.7259,5651.83161,362282.40620100003,6.826411075539654,0.14648985959415525,54.709999999999994,73.49,54.709999999999994,16.380432711911308,24.533629980090595,4108.8099999999995,601.899,88.17210000000001,263374.72099999996,38581.7259,5651.83161,827.9360190000002
-1005,-1037,1444.09,63.6,9.3,2,4,4044.96,86.49000000000001,257259.456,804.3570000000002,4.1526134703476485,2.230014400169963,7.974960814950754,3.0495901363953815,0.01572327044022685,0.1075268817192739,591.48,37618.128000000004,5500.764000000001,349848.59040000004,6.83870967734582,0.14622641509410972,54.3,72.9,54.3,16.2271604938049,24.320361839413493,4044.96,591.48,86.49000000000001,257259.456,37618.128000000004,5500.764000000001,804.3570000000002
-674,-776,1027.84,62.6,8.72,2,5,3918.76,76.03840000000001,245314.37600000002,663.0548480000001,4.13676527810765,2.1656192379323564,7.912016177940993,2.95296461204668,0.01597444089454317,0.11467889908125367,545.8720000000001,34171.5872,4760.00384,297976.24038400006,7.17889908248648,0.13929712460041646,53.88,71.32000000000001,53.88,15.307683679170909,23.363903783400584,3918.76,545.8720000000001,76.03840000000001,245314.37600000002,34171.5872,4760.00384,663.0548480000001
-235,-780,814.63,62.4,8.35,2,6,3893.7599999999998,69.7225,242970.62399999998,582.182875,4.133565275376984,2.1222615388747403,7.899367063252599,2.8896366553599777,0.016025641025615343,0.11976047904048191,521.04,32512.895999999997,4350.683999999999,271482.68159999995,7.473053892126071,0.13381410256388812,54.05,70.75,54.05,14.72904593637494,22.826300620118012,3893.7599999999998,521.04,69.7225,242970.62399999998,32512.895999999997,4350.683999999999,582.182875
6,-1049,1049.02,62.6,8.23,2,7,3918.76,67.7329,245314.37600000002,557.4417670000001,4.13676527810765,2.107786014701129,7.912016177940993,2.8687976575562106,0.01597444089454317,0.12150668286608132,515.1980000000001,32251.394800000002,4240.07954,265428.97920400003,7.606318347416691,0.1314696485620903,54.370000000000005,70.83,54.370000000000005,14.547451644762749,22.697973477823965,3918.76,515.1980000000001,67.7329,245314.37600000002,32251.394800000005,4240.07954,557.441767
-414,-1421,1480.08,62.4,8.43,2,8,3893.7599999999998,71.0649,242970.62399999998,599.077107,4.133565275376984,2.1317967720256266,7.899367063252599,2.903446228191595,0.016025641025615343,0.11862396203892499,526.0319999999999,32824.396799999995,4434.4497599999995,276709.665024,7.402135231228919,0.13509615384593734,53.97,70.83,53.97,14.85336721725984,22.935387504901676,3893.7599999999998,526.0319999999999,71.0649,242970.62399999998,32824.396799999995,4434.4497599999995,599.077107
58,-1340,1341.25,65.2,10.15,2,9,4251.04,103.02250000000001,277167.808,1045.6783750000002,4.177459468934141,2.3174737054976484,8.07465169527454,3.1859064644147983,0.015337423312859911,0.09852216748671407,661.7800000000001,43148.056000000004,6717.067000000001,437952.76840000006,6.423645320133757,0.1556748466255281,55.050000000000004,75.35000000000001,55.050000000000004,17.565494359631632,25.725085033873068,4251.04,661.7800000000001,103.02250000000001,277167.808,43148.056000000004,6717.067000000001,1045.6783750000002
-1516,-1220,1945.93,64.8,9.72,3,0,4199.04,94.47840000000001,272097.79199999996,918.3300480000001,4.171305603359772,2.274185618482636,8.049844718999243,3.117691453623979,0.015432098765408284,0.10288065843515554,629.856,40814.6688,6122.20032,396718.58073600003,6.666666666598079,0.14999999999976854,55.08,74.52,55.08,16.904347826064274,25.09693208342406,4199.04,629.856,94.47840000000001,272097.79199999996,40814.6688,6122.20032,918.3300480000001
-1891,-1403,2354.63,63.0,8.5,3,1,3969.0,72.25,250047.0,614.125,4.14313472639312,2.1400661635080356,7.937253933193772,2.9154759474226504,0.015873015872990677,0.11764705882214532,535.5,33736.5,4551.75,286760.25,7.4117647057951555,0.13492063492042075,54.5,71.5,54.5,14.97902097900003,23.140872930812268,3969.0,535.5,72.25,250047.0,33736.5,4551.75,614.125
-1327,-1370,1907.31,63.4,8.68,3,2,4019.56,75.3424,254840.104,653.9720319999999,4.149463861444757,2.1610215286837797,7.962411694957753,2.946183972531247,0.01577287066243569,0.11520737327056213,550.312,34889.7808,4776.70816,302843.29734399996,7.304147465353639,0.13690851734994178,54.72,72.08,54.72,15.269478357359505,23.458729718379892,4019.56,550.312,75.3424,254840.104,34889.7808,4776.70816,653.972032
-1145,-832,1415.36,63.7,8.74,3,3,4057.6900000000005,76.3876,258474.85300000003,667.6276240000001,4.154184562579688,2.167910189678886,7.981227975693966,2.9563490998188966,0.01569858712713391,0.11441647597123093,556.738,35464.210600000006,4865.890120000001,309957.2006440001,7.2883295193674105,0.13720565149115038,54.96,72.44,54.96,15.371010491419975,23.59529614139225,4057.6900000000005,556.738,76.3876,258474.85300000003,35464.210600000006,4865.890120000001,667.6276240000001
-733,-778,1068.91,63.0,9.22,3,4,3969.0,85.00840000000001,250047.0,783.7774480000002,4.14313472639312,2.2213750375793486,7.937253933193772,3.0364452901377956,0.015873015872990677,0.10845986984697982,580.86,36594.18,5355.529200000001,337398.3396,6.832971800359728,0.14634920634897405,53.78,72.22,53.78,16.085848795325276,24.10103732207392,3969.0,580.86,85.00840000000001,250047.0,36594.18,5355.529200000001,783.7774480000002
-597,-1278,1410.56,62.4,8.54,3,5,3893.7599999999998,72.93159999999999,242970.62399999998,622.8358639999998,4.133565275376984,2.144761007812188,7.899367063252599,2.9223278392404914,0.016025641025615343,0.11709601873399186,532.896,33252.710399999996,4550.931839999999,283978.14681599993,7.306791569001092,0.13685897435875502,53.86,70.94,53.86,15.023851141788802,23.084540281322475,3893.7599999999998,532.896,72.93159999999999,242970.62399999998,33252.710399999996,4550.931839999999,622.8358639999998
-388,-743,838.21,63.3,9.03,3,6,4006.8899999999994,81.5409,253636.13699999996,736.3143269999998,4.14788532915171,2.2005523674399683,7.956129712366434,3.004995840263344,0.015797788309611694,0.11074197120586111,571.5989999999999,36182.21669999999,5161.53897,326725.4168009999,7.009966777331008,0.14265402843579358,54.269999999999996,72.33,54.269999999999996,15.805309000392912,23.90813669025673,4006.8899999999994,571.5989999999999,81.5409,253636.13699999996,36182.2167,5161.53897,736.3143269999999
158,-913,926.57,62.1,7.68,3,7,3856.4100000000003,58.9824,239483.06100000002,452.9848319999999,4.128745988941043,2.0386195471726016,7.880355321938218,2.7712812921102037,0.01610305958129452,0.13020833333163792,476.928,29617.2288,3662.80704,227460.317184,8.085937499894715,0.1236714975843419,54.42,69.78,54.42,13.669475494391415,21.838681278868467,3856.4100000000003,476.928,58.9824,239483.06100000002,29617.2288,3662.80704,452.984832
199,-1234,1249.94,62.6,7.96,3,8,3918.76,63.3616,245314.37600000002,504.358336,4.13676527810765,2.0744289998688545,7.912016177940993,2.821347195933177,0.01597444089454317,0.12562814070193934,498.296,31193.3296,3966.43616,248298.90361600003,7.864321607941403,0.12715654952056363,54.64,70.56,54.64,14.12403628115912,22.32254465781175,3918.76,498.296,63.3616,245314.37600000002,31193.3296,3966.43616,504.358336
325,-1517,1551.42,61.5,6.96,3,9,3782.25,48.4416,232608.375,337.153536,4.119037174814098,1.9401794743606962,7.842193570679061,2.6381811916545836,0.016260162601599577,0.1436781609174759,428.04,26324.46,2979.1584000000003,183218.2416,8.836206896424768,0.11317073170713306,54.54,68.46,54.54,12.504820333022927,20.68912757948,3782.25,428.04,48.4416,232608.375,26324.460000000003,2979.1584000000003,337.15353600000003
-781,-1314,1528.58,63.7,8.88,4,0,4057.6900000000005,78.85440000000001,258474.85300000003,700.2270720000001,4.154184562579688,2.18380155701534,7.981227975693966,2.979932885150268,0.01569858712713391,0.11261261261134445,565.6560000000001,36032.287200000006,5023.025280000001,319966.7103360001,7.1734234233426415,0.13940345368894913,54.82,72.58,54.82,15.587103885346396,23.783523708651753,4057.6900000000005,565.6560000000001,78.85440000000001,258474.85300000003,36032.287200000006,5023.025280000001,700.2270720000001
-969,-788,1248.96,63.4,9.13,4,1,4019.56,83.35690000000001,254840.104,761.0484970000002,4.149463861444757,2.21156569461783,7.962411694957753,3.0215889859476257,0.01577287066243569,0.10952902519047612,578.842,36698.582800000004,5284.82746,335058.06096400006,6.9441401970761865,0.14400630914803786,54.269999999999996,72.53,54.269999999999996,15.961450434281039,24.05913547906491,4019.56,578.842,83.35690000000001,254840.104,36698.5828,5284.82746,761.0484970000001
-1128,-1086,1565.82,62.8,8.42,4,2,3943.8399999999997,70.8964,247673.15199999997,596.947688,4.139955073475745,2.130609828266112,7.92464510246358,2.9017236257093817,0.015923566878955537,0.11876484560429021,528.776,33207.1328,4452.29392,279604.05817599996,7.458432303949425,0.1340764331208056,54.379999999999995,71.22,54.379999999999995,14.849087334997403,22.995129919180712,3943.8399999999997,528.776,70.8964,247673.15199999997,33207.13279999999,4452.29392,596.947688
-981,-585,1142.18,64.0,9.3,4,3,4096.0,86.49000000000001,262144.0,804.3570000000002,4.158883083361235,2.230014400169963,8.0,3.0495901363953815,0.015624999999975586,0.1075268817192739,595.2,38092.8,5535.360000000001,354263.04000000004,6.881720430033529,0.14531249999977294,54.7,73.3,54.7,16.240109140496262,24.39672109116305,4096.0,595.2,86.49000000000001,262144.0,38092.8,5535.360000000001,804.3570000000002
-671,-634,923.15,62.6,8.81,4,4,3918.76,77.6161,245314.37600000002,683.7978410000001,4.13676527810765,2.175887439959439,7.912016177940993,2.968164415931166,0.01597444089454317,0.11350737797828027,551.5060000000001,34524.2756,4858.76786,304158.868036,7.1055618614403455,0.14073482428092535,53.79,71.41,53.79,15.446184007820412,23.484164877636164,3918.76,551.5060000000001,77.6161,245314.37600000002,34524.27560000001,4858.76786,683.7978410000001
-191,-512,546.47,64.2,10.02,4,5,4121.64,100.40039999999999,264609.28800000006,1006.0120079999999,4.162003210697473,2.3045830956666986,8.012490249604053,3.1654383582688825,0.015576323987514677,0.0998003992006008,643.284,41298.832800000004,6445.70568,413814.304656,6.4071856286785716,0.15607476635489706,54.18000000000001,74.22,54.18000000000001,17.33451899755142,25.36304398135208,4121.64,643.284,100.40039999999999,264609.28800000006,41298.832800000004,6445.70568,1006.0120079999998
-507,-496,709.27,62.1,8.85,4,6,3856.4100000000003,78.32249999999999,239483.06100000002,693.1541249999999,4.128745988941043,2.1804174590311374,7.880355321938218,2.9748949561287032,0.01610305958129452,0.1129943502812091,549.585,34129.228500000005,4863.827249999999,302043.672225,7.016949152463086,0.1425120772944565,53.25,70.95,53.25,15.492177589830174,23.44322929973599,3856.4100000000003,549.585,78.32249999999999,239483.06100000002,34129.228500000005,4863.827249999999,693.1541249999999
-872,-942,1283.65,63.3,8.55,4,7,4006.8899999999994,73.1025,253636.13699999996,625.0263750000001,4.14788532915171,2.145931282960365,7.956129712366434,2.924038303442689,0.015797788309611694,0.11695906432611743,541.215,34258.909499999994,4627.38825,292913.676225,7.403508771843232,0.13507109004718,54.75,71.85,54.75,15.06513569935273,23.26402802611792,4006.8899999999994,541.215,73.1025,253636.13699999996,34258.9095,4627.38825,625.0263750000001
-1162,-745,1380.31,64.7,9.89,4,8,4186.09,97.81210000000002,270840.02300000004,967.3616690000001,4.1697612015084005,2.291524145644732,8.043631020876083,3.144837038703278,0.015455950540934378,0.10111223457936185,639.883,41400.430100000005,6328.442870000002,409450.2536890001,6.541961577284712,0.152859350849841,54.81,74.59,54.81,17.15734012599925,25.29590876011376,4186.09,639.883,97.81210000000002,270840.02300000004,41400.430100000005,6328.442870000002,967.3616690000002
-857,-630,1063.65,64.1,9.64,4,9,4108.8099999999995,92.92960000000001,263374.7209999999,895.8413440000002,4.1604443639281845,2.2659211086328277,8.006247560499238,3.104834939252005,0.01560062402493666,0.1037344398329488,617.924,39608.9284,5956.78736,381830.069776,6.649377593292018,0.15039001560038942,54.459999999999994,73.74,54.459999999999994,16.759533496044536,24.858077158139164,4108.8099999999995,617.924,92.92960000000001,263374.72099999996,39608.9284,5956.78736,895.8413440000002
-1230,-707,1418.71,64.1,9.45,5,0,4108.8099999999995,89.30249999999998,263374.7209999999,843.9086249999998,4.1604443639281845,2.2460147415162335,8.006247560499238,3.0740852297878796,0.01560062402493666,0.10582010581898604,605.7449999999999,38828.254499999995,5724.290249999998,366927.0050249999,6.783068782997004,0.14742589703565143,54.64999999999999,73.55,54.64999999999999,16.471651937435112,24.611887371755948,4108.8099999999995,605.7449999999999,89.30249999999998,263374.72099999996,38828.25449999999,5724.290249999998,843.9086249999998
-1160,-1031,1551.95,64.1,9.4,5,1,4108.8099999999995,88.36000000000001,263374.7209999999,830.5840000000001,4.1604443639281845,2.2407096892865965,8.006247560499238,3.0659419433511785,0.01560062402493666,0.10638297872227252,602.54,38622.814,5663.876,363054.45160000003,6.819148936097668,0.14664586583440462,54.699999999999996,73.5,54.699999999999996,16.395646258481094,24.546690204587662,4108.8099999999995,602.54,88.36000000000001,263374.72099999996,38622.81399999999,5663.876,830.5840000000002
-773,-985,1252.1,62.3,8.3,5,2,3881.2899999999995,68.89000000000001,241804.36699999997,571.7870000000001,4.131961425795013,2.1162555148146005,7.893034904268446,2.8809720581775866,0.016051364365945342,0.12048192770939177,517.09,32214.707,4291.847000000001,267382.06810000003,7.506024096295107,0.13322632423734637,54.0,70.6,54.0,14.648441926324862,22.7396130134178,3881.2899999999995,517.09,68.89000000000001,241804.36699999997,32214.707000000002,4291.847000000001,571.7870000000001
-434,-1223,1297.72,62.3,8.37,5,3,3881.2899999999995,70.05689999999998,241804.36699999997,586.3762529999998,4.131961425795013,2.1246538845133314,7.893034904268446,2.8930952282978866,0.016051364365945342,0.11947431302127272,521.4509999999999,32486.397299999993,4364.544869999999,271911.1454009999,7.44324970122529,0.1343499197429625,53.93,70.67,53.93,14.757351068324947,22.835301618327705,3881.2899999999995,521.4509999999999,70.05689999999998,241804.36699999997,32486.397299999993,4364.544869999999,586.3762529999998
-288,-805,854.97,62.0,7.94,5,4,3844.0,63.043600000000005,238328.0,500.5661840000001,4.127134385046705,2.0719132752716387,7.874007874011811,2.817800560721074,0.016129032258038502,0.12594458438128533,492.28000000000003,30521.36,3908.7032000000004,242339.59840000002,7.80856423163969,0.12806451612882572,54.06,69.94,54.06,14.077209036296717,22.187383802512635,3844.0,492.28000000000003,63.043600000000005,238328.0,30521.36,3908.7032000000004,500.5661840000001
-572,-1037,1184.29,62.5,8.05,5,5,3906.25,64.80250000000001,244140.625,521.6601250000001,4.135166556743956,2.0856720914428943,7.905694150420948,2.8372521918222215,0.0159999999999744,0.1242236024829289,503.12500000000006,31445.312500000004,4050.1562500000005,253134.76562500003,7.763975155183055,0.12879999999979394,54.45,70.55,54.45,14.262934089278154,22.430448056157953,3906.25,503.12500000000006,64.80250000000001,244140.625,31445.312500000004,4050.1562500000005,521.6601250000001
-964,-1093,1457.38,63.4,9.35,5,6,4019.56,87.4225,254840.104,817.4003749999999,4.149463861444757,2.235376343311291,7.962411694957753,3.057776970284131,0.01577287066243569,0.10695187165661015,592.79,37582.886,5542.586499999999,351399.9841,6.780748663029083,0.1474763406937737,54.05,72.75,54.05,16.296632302383095,24.34727910876285,4019.56,592.79,87.4225,254840.104,37582.886,5542.586499999999,817.4003749999999
-1062,-1448,1795.7,62.8,8.18,5,7,3943.8399999999997,66.91239999999999,247673.15199999997,547.3434319999999,4.139955073475745,2.1016921506268806,7.92464510246358,2.8600699292150185,0.015923566878955537,0.12224938875156174,513.704,32260.611199999996,4202.098719999999,263891.7996159999,7.677261613598078,0.13025477706985628,54.62,70.97999999999999,54.62,14.474612566899866,22.66503915725715,3943.8399999999997,513.704,66.91239999999999,247673.15199999997,32260.611199999996,4202.098719999999,547.3434319999999
-1247,-1204,1733.39,63.0,9.14,5,8,3969.0,83.53960000000001,250047.0,763.5519440000002,4.14313472639312,2.2126603854769997,7.937253933193772,3.023243291566195,0.015873015872990677,0.1094091903707942,575.82,36276.66,5262.9948,331568.67240000004,6.892778993360035,0.1450793650791348,53.86,72.14,53.86,15.963958968649898,23.996249706985466,3969.0,575.82,83.53960000000001,250047.0,36276.66,5262.9948,763.5519440000002
-1230,-1508,1946.01,62.9,8.39,5,9,3956.41,70.39210000000001,248858.18899999998,590.5897190000002,4.141546163707985,2.127040520491034,7.930952023559341,2.896549671592048,0.015898251192343563,0.11918951132158295,527.731,33194.2799,4427.663090000001,278500.00836100004,7.497020262127568,0.1333863275037625,54.51,71.28999999999999,54.51,14.805190068712577,22.972396479253096,3956.41,527.731,70.39210000000001,248858.18899999998,33194.2799,4427.663090000001,590.5897190000002
-2780,-1119,2996.76,63.8,9.1,6,0,4070.4399999999996,82.80999999999999,259694.07199999996,753.5709999999999,4.1557531903523115,2.2082744135337933,7.987490219086343,3.0166206257996713,0.015673981191198002,0.10989010988890231,580.5799999999999,37041.00399999999,5283.277999999999,337073.1363999999,7.010989010911967,0.14263322883990182,54.699999999999996,72.89999999999999,54.699999999999996,15.928120713284049,24.095227743268996,4070.4399999999996,580.5799999999999,82.80999999999999,259694.07199999996,37041.00399999999,5283.277999999999,753.5709999999999
-2256,-1284,2595.8,62.6,8.55,6,1,3918.76,73.1025,245314.37600000002,625.0263750000001,4.13676527810765,2.145931282960365,7.912016177940993,2.924038303442689,0.01597444089454317,0.11695906432611743,535.23,33505.398,4576.2165,286471.15290000004,7.321637426814951,0.1365814696483441,54.05,71.15,54.05,15.045115952192486,23.13503836175769,3918.76,535.23,73.1025,245314.37600000002,33505.398,4576.2165,625.0263750000001
-1736,-1129,2070.83,63.8,9.05,6,2,4070.4399999999996,81.90250000000002,259694.07199999996,741.2176250000002,4.1557531903523115,2.2027647577228846,7.987490219086343,3.0083217912982647,0.015673981191198002,0.1104972375678398,577.39,36837.481999999996,5225.379500000001,333379.21210000006,7.049723756828179,0.14184952978034193,54.75,72.85,54.75,15.851475634844405,24.028940883859196,4070.4399999999996,577.39,81.90250000000002,259694.07199999996,36837.481999999996,5225.379500000001,741.2176250000002
-1168,-1054,1573.26,63.2,8.68,6,3,3994.2400000000002,75.3424,252435.96800000002,653.9720319999999,4.1463043011543945,2.1610215286837797,7.9498427657407165,2.946183972531247,0.015822784810101544,0.11520737327056213,548.576,34670.0032,4761.63968,300935.627776,7.281105990699527,0.13734177215168142,54.52,71.88,54.52,15.263661658298188,23.42169934056878,3994.2400000000002,548.576,75.3424,252435.96800000002,34670.00320000001,4761.63968,653.972032
-749,-795,1092.26,62.3,8.57,6,4,3881.2899999999995,73.4449,241804.36699999997,629.4227930000001,4.131961425795013,2.148267732621357,7.893034904268446,2.9274562336608896,0.016051364365945342,0.11668611435103049,533.911,33262.6553,4575.61727,285060.955921,7.2695449240692,0.1375601926161516,53.73,70.87,53.73,15.067334556208452,23.106514233003644,3881.2899999999995,533.911,73.4449,241804.36699999997,33262.6553,4575.61727,629.4227930000001
-1235,-849,1498.67,63.5,9.02,6,5,4032.25,81.3604,256047.875,733.8708079999999,4.1510399059002205,2.199444334085619,7.968688725254614,3.003331483536241,0.015748031496038192,0.11086474500985738,572.77,36370.895,5166.3854,328065.4729,7.0399113081259435,0.14204724409426447,54.480000000000004,72.52,54.480000000000004,15.796194153315229,23.932613731057458,4032.25,572.77,81.3604,256047.875,36370.895,5166.3854,733.8708079999999
-992,-1081,1467.18,62.6,8.14,6,6,3918.76,66.2596,245314.37600000002,539.3531440000002,4.13676527810765,2.096790180026734,7.912016177940993,2.8530685235374214,0.01597444089454317,0.12285012284861363,509.564,31898.706400000003,4147.850960000001,259655.47009600003,7.690417690323213,0.13003194888158143,54.46,70.74000000000001,54.46,14.40667232115577,22.5735243150023,3918.76,509.564,66.2596,245314.37600000002,31898.706400000003,4147.850960000001,539.353144
-1463,-749,1643.58,63.8,8.86,6,7,4070.4399999999996,78.49959999999999,259694.07199999996,695.5064559999998,4.1557531903523115,2.1815467646282762,7.987490219086343,2.9765752132274432,0.015673981191198002,0.11286681715448232,565.2679999999999,36064.098399999995,5008.274479999999,319527.9118239999,7.200902934455972,0.1388714733540143,54.94,72.66,54.94,15.559262317622405,23.77536540202905,4070.4399999999996,565.2679999999999,78.49959999999999,259694.07199999996,36064.098399999995,5008.274479999999,695.5064559999998
-1914,-932,2128.85,63.8,9.05,6,8,4070.4399999999996,81.90250000000002,259694.07199999996,741.2176250000002,4.1557531903523115,2.2027647577228846,7.987490219086343,3.0083217912982647,0.015673981191198002,0.1104972375678398,577.39,36837.481999999996,5225.379500000001,333379.21210000006,7.049723756828179,0.14184952978034193,54.75,72.85,54.75,15.851475634844405,24.028940883859196,4070.4399999999996,577.39,81.90250000000002,259694.07199999996,36837.481999999996,5225.379500000001,741.2176250000002
-2222,-1150,2501.96,62.5,8.25,6,9,3906.25,68.0625,244140.625,561.515625,4.135166556743956,2.110213200358711,7.905694150420948,2.8722813232690143,0.0159999999999744,0.12121212121065197,515.625,32226.5625,4253.90625,265869.140625,7.575757575665748,0.1319999999997888,54.25,70.75,54.25,14.575971731428162,22.707377655731186,3906.25,515.625,68.0625,244140.625,32226.5625,4253.90625,561.515625
-162,-1065,1077.25,62.2,8.63,7,0,3868.84,74.47690000000001,240641.84800000003,642.7356470000002,4.130354999746742,2.155244505106924,7.886697661252142,2.9376861643136762,0.016077170417980582,0.11587485515508834,536.7860000000001,33388.0892,4632.463180000002,288139.20979600004,7.207415990646496,0.13874598070717242,53.57,70.83,53.57,15.157023859924953,23.168642601585447,3868.84,536.7860000000001,74.47690000000001,240641.84800000003,33388.0892,4632.463180000002,642.7356470000002
-526,-598,796.42,62.0,8.37,7,1,3844.0,70.05689999999998,238328.0,586.3762529999998,4.127134385046705,2.1246538845133314,7.874007874011811,2.8930952282978866,0.016129032258038502,0.11947431302127272,518.9399999999999,32174.279999999995,4343.527799999999,269298.72359999997,7.4074074073189085,0.13499999999978224,53.63,70.37,53.63,14.748898678393134,22.780254607883556,3844.0,518.9399999999999,70.05689999999998,238328.0,32174.279999999995,4343.527799999999,586.3762529999998
-246,-981,1011.37,63.4,8.8,7,2,4019.56,77.44000000000001,254840.104,681.4720000000002,4.149463861444757,2.1747517214955243,7.962411694957753,2.9664793948382653,0.01577287066243569,0.1136363636350723,557.9200000000001,35372.128000000004,4909.696000000001,311274.72640000004,7.204545454463584,0.13880126182943409,54.599999999999994,72.2,54.599999999999994,15.454847645407959,23.620330226311403,4019.56,557.9200000000001,77.44000000000001,254840.104,35372.128000000004,4909.696000000001,681.4720000000002
-816,-1138,1400.32,62.6,8.22,7,3,3918.76,67.56840000000001,245314.37600000002,555.4122480000001,4.13676527810765,2.106570209080254,7.912016177940993,2.86705423736629,0.01597444089454317,0.12165450121506502,514.572,32212.207200000004,4229.781840000001,264784.34318400006,7.615571776063071,0.13130990415314486,54.38,70.82000000000001,54.38,14.531827167446297,22.684179509076365,3918.76,514.572,67.56840000000001,245314.37600000002,32212.2072,4229.781840000001,555.4122480000001
-961,-1414,1709.65,62.4,7.96,7,4,3893.7599999999998,63.3616,242970.62399999998,504.358336,4.133565275376984,2.0744289998688545,7.899367063252599,2.821347195933177,0.016025641025615343,0.12562814070193934,496.704,30994.329599999997,3953.76384,246714.863616,7.839195979801015,0.12756410256389814,54.44,70.36,54.44,14.118931210895227,22.286857113554618,3893.7599999999998,496.704,63.3616,242970.62399999998,30994.3296,3953.76384,504.358336
-976,-1059,1440.16,63.5,8.75,7,5,4032.25,76.5625,256047.875,669.921875,4.1510399059002205,2.169053700380952,7.968688725254614,2.958039891549808,0.015748031496038192,0.11428571428440816,555.625,35282.1875,4861.71875,308719.140625,7.257142857059918,0.13779527559033417,54.75,72.25,54.75,15.380622837348954,23.571699132646334,4032.25,555.625,76.5625,256047.875,35282.1875,4861.71875,669.921875
-646,-744,985.32,63.0,8.81,7,6,3969.0,77.6161,250047.0,683.7978410000001,4.14313472639312,2.175887439959439,7.937253933193772,2.968164415931166,0.015873015872990677,0.11350737797828027,555.0300000000001,34966.89,4889.8143,308058.30090000003,7.150964812631657,0.1398412698410479,54.19,71.81,54.19,15.458292716870274,23.559074684715444,3969.0,555.0300000000001,77.6161,250047.0,34966.89000000001,4889.8143,683.7978410000001
-170,-619,641.92,62.5,8.99,7,7,3906.25,80.82010000000001,244140.625,726.5726990000001,4.135166556743956,2.1961128484946526,7.905694150420948,2.99833287011299,0.0159999999999744,0.11123470522679382,561.875,35117.1875,5051.25625,315703.51562500006,6.952169076674614,0.14383999999976985,53.51,71.49,53.51,15.71898167573686,23.703902632267116,3906.25,561.875,80.82010000000001,244140.625,35117.1875,5051.25625,726.5726990000001
136,-880,890.45,62.3,8.44,7,8,3881.2899999999995,71.2336,241804.36699999997,601.2115839999999,4.131961425795013,2.132982308619714,7.893034904268446,2.90516780926679,0.016051364365945342,0.11848341232087106,525.8119999999999,32758.087599999995,4437.853279999999,276478.25934399996,7.381516587590267,0.1354735152485787,53.86,70.74,53.86,14.866044670603806,22.930590921299867,3881.2899999999995,525.8119999999999,71.2336,241804.36699999997,32758.08759999999,4437.853279999999,601.2115839999999
146,-1375,1382.73,62.2,8.0,7,9,3868.84,64.0,240641.84800000003,512.0,4.130354999746742,2.079441541692336,7.886697661252142,2.8284271247461903,0.016077170417980582,0.1249999999984375,497.6,30950.72,3980.8,247605.76,7.774999999902813,0.12861736334384466,54.2,70.2,54.2,14.176638176617981,22.3069495897579,3868.84,497.6,64.0,240641.84800000003,30950.72,3980.8,512.0
-555,-473,729.21,61.7,7.97,8,0,3806.8900000000003,63.5209,234885.11300000004,506.26157299999994,4.122283930912963,2.0756844928146707,7.854934754662192,2.8231188426986207,0.016207455429471298,0.12547051442753487,491.749,30340.9133,3919.23953,241817.079001,7.741530740178902,0.12917341977288627,53.730000000000004,69.67,53.730000000000004,14.116520740614158,22.175414314055104,3806.8900000000003,491.749,63.5209,234885.11300000004,30340.913300000004,3919.23953,506.26157299999994
-535,-794,957.42,62.3,8.57,8,1,3881.2899999999995,73.4449,241804.36699999997,629.4227930000001,4.131961425795013,2.148267732621357,7.893034904268446,2.9274562336608896,0.016051364365945342,0.11668611435103049,533.911,33262.6553,4575.61727,285060.955921,7.2695449240692,0.1375601926161516,53.73,70.87,53.73,15.067334556208452,23.106514233003644,3881.2899999999995,533.911,73.4449,241804.36699999997,33262.6553,4575.61727,629.4227930000001
-795,-1023,1295.59,62.5,8.32,8,2,3906.25,69.22240000000001,244140.625,575.930368,4.135166556743956,2.1186622548451366,7.905694150420948,2.8844410203711917,0.0159999999999744,0.12019230769086307,520.0,32500.0,4326.400000000001,270400.00000000006,7.512019230678942,0.13311999999978702,54.18,70.82,54.18,14.685117198510753,22.80350850198276,3906.25,520.0,69.22240000000001,244140.625,32500.0,4326.400000000001,575.930368
-579,-718,922.37,62.4,8.32,8,3,3893.7599999999998,69.22240000000001,242970.62399999998,575.930368,4.133565275376984,2.1186622548451366,7.899367063252599,2.8844410203711917,0.016025641025615343,0.12019230769086307,519.168,32396.0832,4319.477760000001,269535.412224,7.499999999909855,0.13333333333311967,54.08,70.72,54.08,14.68235294115571,22.78525839221491,3893.7599999999998,519.168,69.22240000000001,242970.62399999998,32396.0832,4319.477760000001,575.930368
-889,-627,1087.86,62.3,8.57,8,4,3881.2899999999995,73.4449,241804.36699999997,629.4227930000001,4.131961425795013,2.148267732621357,7.893034904268446,2.9274562336608896,0.016051364365945342,0.11668611435103049,533.911,33262.6553,4575.61727,285060.955921,7.2695449240692,0.1375601926161516,53.73,70.87,53.73,15.067334556208452,23.106514233003644,3881.2899999999995,533.911,73.4449,241804.36699999997,33262.6553,4575.61727,629.4227930000001
-1119,-1133,1592.44,63.5,8.45,8,5,4032.25,71.40249999999999,256047.875,603.3511249999998,4.1510399059002205,2.1341664413809167,7.968688725254614,2.9068883707497264,0.015748031496038192,0.11834319526487169,536.5749999999999,34072.5125,4534.058749999999,287912.73062499997,7.514792899319352,0.13307086614152272,55.05,71.95,55.05,14.915218901994555,23.164088585567097,4032.25,536.5749999999999,71.40249999999999,256047.875,34072.5125,4534.058749999999,603.3511249999999
-1187,-793,1427.52,64.1,10.22,8,6,4108.8099999999995,104.4484,263374.7209999999,1067.4626480000002,4.1604443639281845,2.324346584785343,8.006247560499238,3.1968734726291563,0.01560062402493666,0.0978473581203733,655.102,41992.038199999995,6695.14244,429158.630404,6.272015655515928,0.15943837753485268,53.879999999999995,74.32,53.879999999999995,17.62922497306562,25.594960441461907,4108.8099999999995,655.102,104.4484,263374.72099999996,41992.038199999995,6695.14244,1067.4626480000002
-1530,-1135,1905.03,63.6,8.8,8,7,4044.96,77.44000000000001,257259.456,681.4720000000002,4.1526134703476485,2.1747517214955243,7.974960814950754,2.9664793948382653,0.01572327044022685,0.1136363636350723,559.6800000000001,35595.648,4925.184000000001,313241.70240000007,7.2272727271905985,0.13836477987399629,54.8,72.4,54.8,15.46077348064163,23.657556932193994,4044.96,559.6800000000001,77.44000000000001,257259.456,35595.64800000001,4925.184000000001,681.4720000000002
-1101,-1300,1703.58,62.7,8.28,8,8,3931.2900000000004,68.55839999999999,246491.88300000003,567.6635519999999,4.13836144764047,2.1138429684092457,7.918333157931662,2.8774989139876315,0.01594896331735893,0.12077294685844478,519.156,32551.0812,4298.61168,269522.952336,7.572463768024488,0.13205741626773196,54.42,70.98,54.42,14.62823330513577,22.78499506254061,3931.2900000000004,519.156,68.55839999999999,246491.88300000003,32551.081199999997,4298.61168,567.6635519999999
-1427,-1445,2030.85,63.6,8.38,8,9,4044.96,70.22440000000002,257259.456,588.4804720000002,4.1526134703476485,2.125847914505925,7.974960814950754,2.894822965226026,0.01572327044022685,0.11933174224201273,532.9680000000001,33896.764800000004,4466.271840000001,284054.8890240001,7.58949880659201,0.131761006289101,55.22,71.98,55.22,14.808780216706296,23.086099713897106,4044.96,532.9680000000001,70.22440000000002,257259.456,33896.764800000004,4466.271840000001,588.4804720000002
-334,-927,985.33,64.2,10.18,9,0,4121.64,103.63239999999999,264609.28800000006,1054.9778319999998,4.162003210697473,2.3204250111322,8.012490249604053,3.1906112267087634,0.015576323987514677,0.09823182711101934,653.556,41958.2952,6653.20008,427135.445136,6.306483300527442,0.15856697819289942,54.02,74.38,54.02,17.573433718717972,25.56474134428119,4121.64,653.556,103.63239999999999,264609.28800000006,41958.29520000001,6653.20008,1054.9778319999998
63,-948,950.09,63.1,8.66,9,1,3981.61,74.9956,251239.59100000001,649.461896,4.144720769548752,2.1587147225858914,7.9435508432942,2.9427877939124323,0.015847860538802144,0.11547344110721162,546.446,34480.742600000005,4732.22236,298603.230916,7.286374133865054,0.13724247226602657,54.44,71.76,54.44,15.22982162762649,23.376184461968982,3981.61,546.446,74.9956,251239.59100000001,34480.742600000005,4732.22236,649.461896
-314,-1083,1127.6,62.8,8.76,9,2,3943.8399999999997,76.7376,247673.15199999997,672.221376,4.139955073475745,2.1701959049597157,7.92464510246358,2.9597297173897483,0.015923566878955537,0.11415525114024937,550.1279999999999,34548.0384,4819.121279999999,302640.816384,7.16894977160766,0.13949044585965048,54.04,71.56,54.04,15.375293460012049,23.454807609528583,3943.8399999999997,550.1279999999999,76.7376,247673.15199999997,34548.03839999999,4819.121279999999,672.221376
-820,-1324,1557.36,62.6,8.25,9,3,3918.76,68.0625,245314.37600000002,561.515625,4.13676527810765,2.110213200358711,7.912016177940993,2.8722813232690143,0.01597444089454317,0.12121212121065197,516.45,32329.77,4260.712500000001,266720.60250000004,7.5878787877868135,0.13178913737998116,54.35,70.85,54.35,14.578687367657619,22.725536297302206,3918.76,516.45,68.0625,245314.37600000002,32329.770000000004,4260.712500000001,561.515625
-764,-824,1123.69,62.0,8.23,9,4,3844.0,67.7329,238328.0,557.4417670000001,4.127134385046705,2.107786014701129,7.874007874011811,2.8687976575562106,0.016129032258038502,0.12150668286608132,510.26000000000005,31636.120000000003,4199.4398,260365.2676,7.533414337697042,0.13274193548365687,53.769999999999996,70.23,53.769999999999996,14.531112060352369,22.58893534454424,3844.0,510.26000000000005,67.7329,238328.0,31636.120000000003,4199.4398,557.441767
-673,-1115,1302.36,63.0,8.6,9,5,3969.0,73.96,250047.0,636.0559999999999,4.14313472639312,2.15176220327109,7.937253933193772,2.932575659723036,0.015873015872990677,0.11627906976608979,541.8,34133.4,4659.48,293547.24,7.325581395263656,0.1365079365077198,54.4,71.6,54.4,15.134078212269365,23.276597689524987,3969.0,541.8,73.96,250047.0,34133.399999999994,4659.48,636.0559999999999
-638,-662,919.4,62.5,7.97,9,6,3906.25,63.5209,244140.625,506.26157299999994,4.135166556743956,2.0756844928146707,7.905694150420948,2.8231188426986207,0.0159999999999744,0.12547051442753487,498.125,31132.8125,3970.0562499999996,248128.515625,7.84190715172093,0.12751999999979596,54.53,70.47,54.53,14.137221512680378,22.318714120665643,3906.25,498.125,63.5209,244140.625,31132.8125,3970.0562499999996,506.26157299999994
-1045,-864,1355.92,62.5,8.2,9,7,3906.25,67.24,244140.625,551.3679999999998,4.135166556743956,2.1041341542824026,7.905694150420948,2.8635642126552705,0.0159999999999744,0.12195121951070792,512.5,32031.249999999996,4202.5,262656.25,7.621951219419246,0.13119999999979007,54.3,70.7,54.3,14.497878359243991,22.638462845343543,3906.25,512.5,67.24,244140.625,32031.25,4202.5,551.3679999999999
-1352,-1149,1774.29,63.2,8.39,9,8,3994.2400000000002,70.39210000000001,252435.96800000002,590.5897190000002,4.1463043011543945,2.127040520491034,7.9498427657407165,2.896549671592048,0.015822784810101544,0.11918951132158295,530.248,33511.6736,4448.780720000001,281162.94150400005,7.532777115524043,0.13275316455675198,54.81,71.59,54.81,14.813465567796042,23.027114452314688,3994.2400000000002,530.248,70.39210000000001,252435.96800000002,33511.6736,4448.780720000001,590.5897190000002
-1904,-984,2143.24,62.8,8.13,9,9,3943.8399999999997,66.09690000000002,247673.15199999997,537.3677970000001,4.139955073475745,2.0955609235720196,7.92464510246358,2.8513154858766505,0.015923566878955537,0.12300123001078718,510.564,32063.4192,4150.885320000001,260675.59809600006,7.724477244677435,0.1294585987259085,54.669999999999995,70.92999999999999,54.669999999999995,14.39627802056338,22.595663300730962,3943.8399999999997,510.564,66.09690000000002,247673.15199999997,32063.4192,4150.885320000001,537.3677970000002
-1939,-991,2177.57,64.0,9.35,10,0,4096.0,87.4225,262144.0,817.4003749999999,4.158883083361235,2.235376343311291,8.0,3.057776970284131,0.015624999999975586,0.10695187165661015,598.4,38297.6,5595.04,358082.56,6.844919786023049,0.14609374999977173,54.65,73.35,54.65,16.31629175185233,24.462215762273047,4096.0,598.4,87.4225,262144.0,38297.6,5595.04,817.4003749999999
-1688,-1401,2193.66,62.4,7.92,10,1,3893.7599999999998,62.7264,242970.62399999998,496.793088,4.133565275376984,2.0693912058389605,7.899367063252599,2.814249455894058,0.016025641025615343,0.12626262626103205,494.20799999999997,30838.579199999996,3914.12736,244241.54726399996,7.878787878688399,0.12692307692287352,54.48,70.32,54.48,14.055972696225746,22.23078945966607,3893.7599999999998,494.20799999999997,62.7264,242970.62399999998,30838.579199999996,3914.12736,496.79308799999995
-1933,-1132,2240.07,63.4,8.64,10,2,4019.56,74.6496,254840.104,644.9725440000001,4.149463861444757,2.1564025828275386,7.962411694957753,2.939387691339814,0.01577287066243569,0.11574074073940115,547.7760000000001,34728.998400000004,4732.784640000001,300058.54617600003,7.3379629628780325,0.13627760252344437,54.76,72.03999999999999,54.76,15.207551360334252,23.404614929539004,4019.56,547.7760000000001,74.6496,254840.104,34728.998400000004,4732.784640000001,644.9725440000001
-1582,-772,1760.31,62.5,7.85,10,3,3906.25,61.622499999999995,244140.625,483.73662499999995,4.135166556743956,2.060513531807056,7.905694150420948,2.80178514522438,0.0159999999999744,0.12738853503022435,490.625,30664.0625,3851.4062499999995,240712.89062499997,7.9617834393890226,0.12559999999979904,54.65,70.35,54.65,13.948116560037032,22.150056433336687,3906.25,490.625,61.622499999999995,244140.625,30664.0625,3851.4062499999995,483.73662499999995
-1227,-596,1364.09,63.4,8.81,10,4,4019.56,77.6161,254840.104,683.7978410000001,4.149463861444757,2.175887439959439,7.962411694957753,2.968164415931166,0.01577287066243569,0.11350737797828027,558.554,35412.3236,4920.86074,311982.570916,7.196367763822969,0.13895899053605842,54.589999999999996,72.21,54.589999999999996,15.47026727597913,23.633747057967764,4019.56,558.554,77.6161,254840.104,35412.323599999996,4920.86074,683.7978410000001
-845,-903,1236.7,63.2,8.69,10,5,3994.2400000000002,75.5161,252435.96800000002,656.2349089999999,4.1463043011543945,2.162172939288808,7.9498427657407165,2.947880594596735,0.015822784810101544,0.1150747986177782,549.208,34709.9456,4772.61752,301629.427264,7.272727272643583,0.1374999999997824,54.510000000000005,71.89,54.510000000000005,15.279120879099624,23.435187219222293,3994.2400000000002,549.208,75.5161,252435.96800000002,34709.9456,4772.61752,656.2349089999999
-806,-498,947.44,63.1,9.1,10,6,3981.61,82.80999999999999,251239.59100000001,753.5709999999999,4.144720769548752,2.2082744135337933,7.9435508432942,3.0166206257996713,0.015847860538802144,0.10989010988890231,574.21,36232.651,5225.311,329717.12409999996,6.934065933989736,0.1442155309030995,54.0,72.2,54.0,15.906094182803454,23.962679315969655,3981.61,574.21,82.80999999999999,251239.59100000001,36232.651000000005,5225.311,753.5709999999999
-769,-841,1139.58,62.8,8.85,10,7,3943.8399999999997,78.32249999999999,247673.15199999997,693.1541249999999,4.139955073475745,2.1804174590311374,7.92464510246358,2.9748949561287032,0.015923566878955537,0.1129943502812091,555.78,34902.984,4918.652999999999,308891.40839999996,7.096045197659931,0.14092356687875648,53.949999999999996,71.64999999999999,53.949999999999996,15.513747383090701,23.574986744428934,3943.8399999999997,555.78,78.32249999999999,247673.15199999997,34902.984,4918.652999999999,693.1541249999999
-1093,-814,1362.81,63.2,8.81,10,8,3994.2400000000002,77.6161,252435.96800000002,683.7978410000001,4.1463043011543945,2.175887439959439,7.9498427657407165,2.968164415931166,0.015822784810101544,0.11350737797828027,556.792,35189.254400000005,4905.33752,310017.33126400004,7.173666288227314,0.1393987341769946,54.39,72.01,54.39,15.46429662544721,23.5964404095194,3994.2400000000002,556.792,77.6161,252435.96800000002,35189.254400000005,4905.33752,683.7978410000001
-943,-1314,1617.36,62.8,8.88,10,9,3943.8399999999997,78.85440000000001,247673.15199999997,700.2270720000001,4.139955073475745,2.18380155701534,7.92464510246358,2.979932885150268,0.015923566878955537,0.11261261261134445,557.664,35021.2992,4952.056320000001,310989.136896,7.072072071992431,0.14140127388512516,53.919999999999995,71.67999999999999,53.919999999999995,15.559821428549721,23.614910543976237,3943.8399999999997,557.664,78.85440000000001,247673.15199999997,35021.299199999994,4952.056320000001,700.2270720000001
-573,-1262,1385.99,62.6,8.62,11,0,3918.76,74.30439999999999,245314.37600000002,640.5039279999999,4.13676527810765,2.1540850846872024,7.912016177940993,2.9359836511806394,0.01597444089454317,0.1160092807411136,539.612,33779.7112,4651.45544,291181.11054399994,7.262180974393711,0.13769968051096212,53.980000000000004,71.22,53.980000000000004,15.153383880911045,23.229550146311485,3918.76,539.612,74.30439999999999,245314.37600000002,33779.7112,4651.45544,640.5039279999999
-297,-909,956.29,63.3,9.36,11,1,4006.8899999999994,87.60959999999999,253636.13699999996,820.0258559999999,4.14788532915171,2.2364452905001846,7.956129712366434,3.059411708155671,0.015797788309611694,0.10683760683646541,592.4879999999999,37504.490399999995,5545.687679999999,351042.0301439999,6.76282051274826,0.14786729857796546,53.94,72.66,53.94,16.308505367442457,24.34107639361908,4006.8899999999994,592.4879999999999,87.60959999999999,253636.13699999996,37504.490399999995,5545.687679999999,820.0258559999999
-768,-1097,1339.12,62.3,8.2,11,2,3881.2899999999995,67.24,241804.36699999997,551.3679999999998,4.131961425795013,2.1041341542824026,7.893034904268446,2.8635642126552705,0.016051364365945342,0.12195121951070792,510.85999999999996,31826.577999999994,4189.052,260977.93959999995,7.597560975517103,0.1316211878007518,54.099999999999994,70.5,54.099999999999994,14.492482269482988,22.60221228110204,3881.2899999999995,510.85999999999996,67.24,241804.36699999997,31826.577999999994,4189.052,551.3679999999999
-1032,-874,1352.37,63.4,8.84,11,3,4019.56,78.1456,254840.104,690.807104,4.149463861444757,2.179286876660864,7.962411694957753,2.973213749463701,0.01577287066243569,0.1131221719444217,560.456,35532.9104,4954.43104,314110.927936,7.171945701276336,0.1394321766559315,54.56,72.24,54.56,15.516500553688378,23.673951930338966,4019.56,560.456,78.1456,254840.104,35532.9104,4954.43104,690.807104
-1172,-464,1260.51,63.3,9.06,11,4,4006.8899999999994,82.0836,253636.13699999996,743.6774160000001,4.14788532915171,2.2038691200659257,7.956129712366434,3.0099833886584824,0.015797788309611694,0.11037527593697156,573.498,36302.4234,5195.89188,328899.956004,6.9867549668103,0.14312796208508197,54.239999999999995,72.36,54.239999999999995,15.851243781072622,23.947818272235157,4006.8899999999994,573.498,82.0836,253636.13699999996,36302.4234,5195.89188,743.6774160000001
-1174,-812,1427.45,64.0,9.3,11,5,4096.0,86.49000000000001,262144.0,804.3570000000002,4.158883083361235,2.230014400169963,8.0,3.0495901363953815,0.015624999999975586,0.1075268817192739,595.2,38092.8,5535.360000000001,354263.04000000004,6.881720430033529,0.14531249999977294,54.7,73.3,54.7,16.240109140496262,24.39672109116305,4096.0,595.2,86.49000000000001,262144.0,38092.8,5535.360000000001,804.3570000000002
-759,-877,1159.83,63.2,8.45,11,6,3994.2400000000002,71.40249999999999,252435.96800000002,603.3511249999998,4.1463043011543945,2.1341664413809167,7.9498427657407165,2.9068883707497264,0.015822784810101544,0.11834319526487169,534.04,33751.328,4512.638,285198.7216,7.479289940739891,0.13370253164535806,54.75,71.65,54.75,14.90690858337068,23.10930548502053,3994.2400000000002,534.04,71.40249999999999,252435.96800000002,33751.328,4512.638,603.3511249999999
-1056,-501,1168.82,62.8,8.18,11,7,3943.8399999999997,66.91239999999999,247673.15199999997,547.3434319999999,4.139955073475745,2.1016921506268806,7.92464510246358,2.8600699292150185,0.015923566878955537,0.12224938875156174,513.704,32260.611199999996,4202.098719999999,263891.7996159999,7.677261613598078,0.13025477706985628,54.62,70.97999999999999,54.62,14.474612566899866,22.66503915725715,3943.8399999999997,513.704,66.91239999999999,247673.15199999997,32260.611199999996,4202.098719999999,547.3434319999999
-1610,-521,1692.2,63.6,8.9,11,8,4044.96,79.21000000000001,257259.456,704.969,4.1526134703476485,2.18605127674933,7.974960814950754,2.9832867780352594,0.01572327044022685,0.11235955056053529,566.0400000000001,36000.144,5037.756,320401.28160000005,7.146067415650044,0.13993710691801897,54.7,72.5,54.7,15.614896551702602,23.791595154591885,4044.96,566.0400000000001,79.21000000000001,257259.456,36000.14400000001,5037.756,704.969
-1448,-1071,1801.04,63.6,9.0,11,9,4044.96,81.0,257259.456,729.0,4.1526134703476485,2.1972245773473307,7.974960814950754,3.0,0.01572327044022685,0.11111111110987654,572.4,36404.64,5151.6,327641.76,7.066666666588148,0.14150943396204163,54.6,72.6,54.6,15.768595041300594,23.924882444852262,4044.96,572.4,81.0,257259.456,36404.64,5151.6,729.0
-1287,-1017,1640.32,63.4,8.61,12,0,4019.56,74.1321,254840.104,638.2773809999999,4.149463861444757,2.152924318451254,7.962411694957753,2.9342801502242417,0.01577287066243569,0.11614401858169404,545.8739999999999,34608.4116,4699.97514,297978.423876,7.363530778079402,0.13580441640357127,54.79,72.00999999999999,54.79,15.161060963733979,23.363946584427897,4019.56,545.8739999999999,74.1321,254840.104,34608.41159999999,4699.97514,638.2773809999999
-1666,-1069,1979.47,64.2,9.12,12,1,4121.64,83.17439999999999,264609.28800000006,758.5505279999998,4.162003210697473,2.210469804097205,8.012490249604053,3.0199337741082997,0.015576323987514677,0.10964912280581526,585.504,37589.3568,5339.79648,342814.934016,7.03947368413334,0.14205607476613386,55.080000000000005,73.32000000000001,55.080000000000005,15.97119476266234,24.19718991949272,4121.64,585.504,83.17439999999999,264609.28800000006,37589.3568,5339.79648,758.5505279999999
-1681,-572,1775.65,63.4,8.86,12,2,4019.56,78.49959999999999,254840.104,695.5064559999998,4.149463861444757,2.1815467646282762,7.962411694957753,2.9765752132274432,0.01577287066243569,0.11286681715448232,561.7239999999999,35613.3016,4976.874639999999,315533.85217599996,7.155756207594179,0.1397476340691802,54.54,72.25999999999999,54.54,15.547301411547817,23.700717288723563,4019.56,561.7239999999999,78.49959999999999,254840.104,35613.30159999999,4976.874639999999,695.5064559999998
-1895,-982,2134.33,63.7,8.94,12,3,4057.6900000000005,79.9236,258474.85300000003,714.5169839999999,4.154184562579688,2.1905355891966085,7.981227975693966,2.9899832775452104,0.01569858712713391,0.11185682326496806,569.478,36275.7486,5091.13332,324305.192484,7.125279641978465,0.14034536891657715,54.760000000000005,72.64,54.760000000000005,15.679460352401321,23.86373818160097,4057.6900000000005,569.478,79.9236,258474.85300000003,36275.7486,5091.13332,714.5169839999999
-1651,-1280,2089.07,63.7,8.97,12,4,4057.6900000000005,80.46090000000001,258474.85300000003,721.7342730000001,4.154184562579688,2.193885676081853,7.981227975693966,2.9949958263743874,0.01569858712713391,0.1114827201771295,571.389,36397.479300000006,5125.359330000001,326485.3893210001,7.10144927528315,0.1408163265303912,54.730000000000004,72.67,54.730000000000004,15.725581395327197,23.903744476545928,4057.6900000000005,571.389,80.46090000000001,258474.85300000003,36397.4793,5125.359330000001,721.7342730000001
-2235,-1178,2526.44,62.7,8.24,12,5,3931.2900000000004,67.8976,246491.88300000003,559.476224,4.13836144764047,2.1090003439335163,7.918333157931662,2.870540018881465,0.01594896331735893,0.12135922329949807,516.648,32393.829600000005,4257.17952,266925.15590400004,7.609223300878529,0.1314194577350376,54.46,70.94,54.46,14.565773893410537,22.72989221267888,3931.2900000000004,516.648,67.8976,246491.88300000003,32393.829600000005,4257.17952,559.476224
-1833,-1425,2321.75,63.9,8.96,12,6,4083.21,80.28160000000001,260917.11899999998,719.3231360000002,4.157319361385054,2.192770226998,7.993747556684537,2.9933259094191533,0.01564945226914609,0.11160714285589723,572.5440000000001,36585.5616,5129.994240000001,327806.6319360001,7.131696428491833,0.14021909233154897,54.94,72.86,54.94,15.716277793006157,23.927891674779875,4083.21,572.5440000000001,80.28160000000001,260917.119,36585.56160000001,5129.994240000001,719.3231360000002
-1354,-1227,1827.25,62.7,8.03,12,7,3931.2900000000004,64.48089999999999,246491.88300000003,517.7816269999998,4.13836144764047,2.0831845279711234,7.918333157931662,2.8337254630609507,0.01594896331735893,0.12453300124377918,503.481,31568.258700000002,4042.95243,253493.11736099998,7.808219177984955,0.12807017543839222,54.67,70.73,54.67,14.236702954878782,22.438382294630777,3931.2900000000004,503.481,64.48089999999999,246491.88300000003,31568.258700000002,4042.95243,517.7816269999998
-1917,-1183,2252.64,64.2,9.29,12,8,4121.64,86.30409999999999,264609.28800000006,801.7650889999998,4.162003210697473,2.228938552836511,8.012490249604053,3.047950130825634,0.015576323987514677,0.10764262647892743,596.418,38290.0356,5540.72322,355714.430724,6.910656619947141,0.14470404984401133,54.910000000000004,73.49000000000001,54.910000000000004,16.23126956046233,24.421670704519787,4121.64,596.418,86.30409999999999,264609.28800000006,38290.0356,5540.72322,801.7650889999999
-1487,-1437,2067.88,64.0,9.22,12,9,4096.0,85.00840000000001,262144.0,783.7774480000002,4.158883083361235,2.2213750375793486,8.0,3.0364452901377956,0.015624999999975586,0.10845986984697982,590.08,37765.12,5440.537600000001,348194.40640000004,6.9414316702067085,0.1440624999997749,54.78,73.22,54.78,16.118000546276814,24.291562321102365,4096.0,590.08,85.00840000000001,262144.0,37765.12,5440.537600000001,783.7774480000002
-1183,-921,1499.24,64.7,9.85,13,0,4186.09,97.0225,270840.02300000004,955.671625,4.1697612015084005,2.28747145519415,8.043631020876083,3.138470965295043,0.015455950540934378,0.10152284263856322,637.295,41232.9865,6277.35575,406144.917025,6.5685279187150405,0.15224111282820363,54.85,74.55,54.85,17.09711602948746,25.24470241456611,4186.09,637.295,97.0225,270840.02300000004,41232.9865,6277.35575,955.671625
-873,-834,1207.35,62.7,8.32,13,1,3931.2900000000004,69.22240000000001,246491.88300000003,575.930368,4.13836144764047,2.1186622548451366,7.918333157931662,2.8844410203711917,0.01594896331735893,0.12019230769086307,521.664,32708.332800000004,4340.24448,272133.32889600005,7.536057692217115,0.1326953748004263,54.38,71.02000000000001,54.38,14.690622359877931,22.83996497370344,3931.2900000000004,521.664,69.22240000000001,246491.88300000003,32708.3328,4340.24448,575.930368
-1099,-1263,1674.21,63.4,8.39,13,2,4019.56,70.39210000000001,254840.104,590.5897190000002,4.149463861444757,2.127040520491034,7.962411694957753,2.896549671592048,0.01577287066243569,0.11918951132158295,531.926,33724.108400000005,4462.8591400000005,282945.26947600004,7.556615017788359,0.13233438485783544,55.01,71.78999999999999,55.01,14.81894414261761,23.06352098011056,4019.56,531.926,70.39210000000001,254840.104,33724.108400000005,4462.8591400000005,590.5897190000002
-863,-1019,1335.34,63.4,9.02,13,3,4019.56,81.3604,254840.104,733.8708079999999,4.149463861444757,2.199444334085619,7.962411694957753,3.003331483536241,0.01577287066243569,0.11086474500985738,571.8679999999999,36256.4312,5158.24936,327033.009424,7.028824833624958,0.14227129337516992,54.379999999999995,72.42,54.379999999999995,15.793095829859437,23.913761728343786,4019.56,571.8679999999999,81.3604,254840.104,36256.43119999999,5158.24936,733.8708079999999
-759,-486,901.26,62.4,8.77,13,4,3893.7599999999998,76.9129,242970.62399999998,674.5261329999998,4.133565275376984,2.171336806395494,7.899367063252599,2.9614185789921694,0.016025641025615343,0.11402508551751397,547.2479999999999,34148.2752,4799.36496,299480.37350399996,7.115165336292872,0.14054487179464656,53.629999999999995,71.17,53.629999999999995,15.378614584775354,23.39333238339506,3893.7599999999998,547.2479999999999,76.9129,242970.62399999998,34148.2752,4799.36496,674.526133
-1080,-985,1461.72,63.8,8.73,13,5,4070.4399999999996,76.2129,259694.07199999996,665.3386170000001,4.1557531903523115,2.166765369862966,7.987490219086343,2.9546573405388314,0.015673981191198002,0.11454753722663748,556.974,35534.9412,4862.38302,310220.036676,7.308132875059471,0.13683385579915858,55.06999999999999,72.53,55.06999999999999,15.358444781448561,23.600296608305584,4070.4399999999996,556.974,76.2129,259694.07199999996,35534.9412,4862.38302,665.3386170000001
-1332,-473,1413.49,63.5,8.93,13,6,4032.25,79.7449,256047.875,712.121957,4.1510399059002205,2.189416394899606,7.968688725254614,2.988310559496787,0.015748031496038192,0.11198208286548733,567.055,36007.9925,5063.80115,321551.373025,7.110862261958445,0.14062992125962104,54.57,72.43,54.57,15.658014634798205,23.81291666302135,4032.25,567.055,79.7449,256047.875,36007.9925,5063.80115,712.121957
-1687,-478,1753.41,63.8,9.02,13,7,4070.4399999999996,81.3604,259694.07199999996,733.8708079999999,4.1557531903523115,2.199444334085619,7.987490219086343,3.003331483536241,0.015673981191198002,0.11086474500985738,575.476,36715.3688,5190.793519999999,331172.62657599995,7.073170731628901,0.141379310344606,54.78,72.82,54.78,15.805438066443553,23.989080849419803,4070.4399999999996,575.476,81.3604,259694.07199999996,36715.3688,5190.793519999999,733.8708079999999
-2250,-602,2329.14,62.4,8.01,13,8,3893.7599999999998,64.1601,242970.62399999998,513.9224009999999,4.133565275376984,2.080690761092752,7.899367063252599,2.8301943396169813,0.016025641025615343,0.12484394506710557,499.82399999999996,31189.017599999996,4003.59024,249824.03097599998,7.790262172187387,0.1283653846151789,54.39,70.41,54.39,14.197528760099136,22.356743948974323,3893.7599999999998,499.82399999999996,64.1601,242970.62399999998,31189.017599999996,4003.59024,513.922401
-2580,-515,2630.9,63.8,9.31,13,9,4070.4399999999996,86.6761,259694.07199999996,806.9544910000001,4.1557531903523115,2.231089091299717,7.987490219086343,3.0512292604784714,0.015673981191198002,0.1074113856057206,593.978,37895.7964,5529.93518,352809.86448399996,6.852846401644974,0.14592476489005343,54.489999999999995,73.11,54.489999999999995,16.248885241394817,24.371663874261845,4070.4399999999996,593.978,86.6761,259694.07199999996,37895.79639999999,5529.93518,806.9544910000001
-799,-1534,1729.61,62.1,7.7,14,0,3856.4100000000003,59.290000000000006,239483.06100000002,456.533,4.128745988941043,2.041220328872625,7.880355321938218,2.7748873851023217,0.01610305958129452,0.12987012986844323,478.17,29694.357000000004,3681.9090000000006,228646.54890000005,8.064935064830326,0.12399355877596781,54.4,69.8,54.4,13.70114613178553,21.867098572970306,3856.4100000000003,478.17,59.290000000000006,239483.06100000002,29694.357,3681.9090000000006,456.5330000000001
-519,-1282,1383.07,62.2,8.44,14,1,3868.84,71.2336,240641.84800000003,601.2115839999999,4.130354999746742,2.132982308619714,7.886697661252142,2.90516780926679,0.016077170417980582,0.11848341232087106,524.968,32653.009599999998,4430.72992,275591.401024,7.36966824635818,0.1356913183277561,53.760000000000005,70.64,53.760000000000005,14.863193657963103,22.9121801668894,3868.84,524.968,71.2336,240641.84800000003,32653.009599999998,4430.72992,601.2115839999999
-332,-1012,1065.07,62.0,8.14,14,2,3844.0,66.2596,238328.0,539.3531440000002,4.127134385046705,2.096790180026734,7.874007874011811,2.8530685235374214,0.016129032258038502,0.12285012284861363,504.68000000000006,31290.160000000003,4108.095200000001,254701.90240000002,7.616707616614045,0.1312903225804334,53.86,70.14,53.86,14.390647276854306,22.465084019428907,3844.0,504.68000000000006,66.2596,238328.0,31290.160000000003,4108.095200000001,539.353144
-667,-831,1065.57,63.0,8.79,14,3,3969.0,77.26409999999998,250047.0,679.1514389999998,4.14313472639312,2.173614711708462,7.937253933193772,2.9647934160747185,0.015873015872990677,0.11376564277458744,553.77,34887.509999999995,4867.638299999999,306661.2128999999,7.167235494799009,0.13952380952358803,54.21,71.78999999999999,54.21,15.427496865837266,23.53231820284606,3969.0,553.77,77.26409999999998,250047.0,34887.51,4867.638299999999,679.1514389999998
-322,-732,799.69,63.9,9.44,14,4,4083.21,89.11359999999999,260917.11899999998,841.2323839999999,4.157319361385054,2.2449559801680024,7.993747556684537,3.0724582991474434,0.01564945226914609,0.10593220338870835,603.216,38545.5024,5694.359039999999,363869.54265599995,6.769067796538463,0.14773082942073906,54.46,73.34,54.46,16.449850013612693,24.560456021825,4083.21,603.216,89.11359999999999,260917.119,38545.5024,5694.359039999999,841.2323839999999
-743,-673,1002.49,63.0,9.05,14,5,3969.0,81.90250000000002,250047.0,741.2176250000002,4.14313472639312,2.2027647577228846,7.937253933193772,3.0083217912982647,0.015873015872990677,0.1104972375678398,570.1500000000001,35919.450000000004,5159.857500000001,325071.0225000001,6.961325966773908,0.14365079365056563,53.95,72.05,53.95,15.826509368472138,23.877813970294685,3969.0,570.1500000000001,81.90250000000002,250047.0,35919.450000000004,5159.857500000001,741.2176250000002
-452,-765,888.55,63.5,9.41,14,6,4032.25,88.5481,256047.875,833.237621,4.1510399059002205,2.2417729536079154,7.968688725254614,3.0675723300355937,0.015748031496038192,0.10626992560992274,597.535,37943.4725,5622.80435,357048.076225,6.748140276230094,0.14818897637771938,54.09,72.91,54.09,16.391030037009475,24.444529040257656,4032.25,597.535,88.5481,256047.875,37943.472499999996,5622.80435,833.2376210000001
-175,-990,1005.35,63.3,8.92,14,7,4006.8899999999994,79.5664,253636.13699999996,709.732288,4.14788532915171,2.188295946603129,7.956129712366434,2.986636904613616,0.015797788309611694,0.11210762331712884,564.636,35741.45879999999,5036.55312,318813.81249599997,7.096412555974255,0.14091627172173632,54.379999999999995,72.22,54.379999999999995,15.63655497090053,23.762070616846504,4006.8899999999994,564.636,79.5664,253636.13699999996,35741.45879999999,5036.55312,709.732288
147,-1191,1200.04,61.7,8.22,14,8,3806.8900000000003,67.56840000000001,234885.11300000004,555.4122480000001,4.122283930912963,2.106570209080254,7.854934754662192,2.86705423736629,0.016207455429471298,0.12165450121506502,507.17400000000004,31292.635800000004,4168.9702800000005,257225.46627600005,7.506082724969512,0.1332252836302541,53.480000000000004,69.92,53.480000000000004,14.507265446203508,22.52052397258998,3806.8900000000003,507.17400000000004,67.56840000000001,234885.11300000004,31292.635800000004,4168.9702800000005,555.4122480000001
251,-723,765.33,62.4,8.59,14,9,3893.7599999999998,73.7881,242970.62399999998,633.839779,4.133565275376984,2.1505987360078054,7.899367063252599,2.930870177950569,0.016025641025615343,0.11641443538863312,536.016,33447.3984,4604.37744,287313.152256,7.264260768250707,0.1376602564100358,53.81,70.99,53.81,15.1011691787363,23.152019350372008,3893.7599999999998,536.016,73.7881,242970.62399999998,33447.3984,4604.37744,633.839779
-846,-1260,1517.67,64.1,9.03,15,0,4108.8099999999995,81.5409,263374.7209999999,736.3143269999998,4.1604443639281845,2.2005523674399683,8.006247560499238,3.004995840263344,0.01560062402493666,0.11074197120586111,578.8229999999999,37102.554299999996,5226.771689999999,335036.06532899995,7.098560354295697,0.14087363494517804,55.06999999999999,73.13,55.06999999999999,15.829974018848855,24.058740615418753,4108.8099999999995,578.8229999999999,81.5409,263374.72099999996,37102.55429999999,5226.771689999999,736.3143269999999
-668,-866,1093.7,62.2,8.16,15,1,3868.84,66.5856,240641.84800000003,543.3384960000001,4.130354999746742,2.0992441689882706,7.886697661252142,2.85657137141714,0.016077170417980582,0.1225490196063413,507.552,31569.7344,4141.62432,257609.032704,7.622549019514429,0.13118971061072154,54.040000000000006,70.36,54.040000000000006,14.427288231929467,22.52891475415538,3868.84,507.552,66.5856,240641.84800000003,31569.7344,4141.62432,543.338496
-1122,-1056,1540.79,63.7,8.68,15,2,4057.6900000000005,75.3424,258474.85300000003,653.9720319999999,4.154184562579688,2.1610215286837797,7.981227975693966,2.946183972531247,0.01569858712713391,0.11520737327056213,552.916,35220.749200000006,4799.31088,305716.103056,7.338709677334808,0.13626373626352234,55.02,72.38,55.02,15.278143133441176,23.514165943107574,4057.6900000000005,552.916,75.3424,258474.85300000003,35220.749200000006,4799.31088,653.972032
-1434,-864,1674.17,63.2,8.38,15,3,3994.2400000000002,70.22440000000002,252435.96800000002,588.4804720000002,4.1463043011543945,2.125847914505925,7.9498427657407165,2.894822965226026,0.015822784810101544,0.11933174224201273,529.6160000000001,33471.7312,4438.182080000001,280493.10745600006,7.541766109695205,0.13259493670865097,54.82,71.58,54.82,14.797876501795479,23.013387408202213,3994.2400000000002,529.6160000000001,70.22440000000002,252435.96800000002,33471.73120000001,4438.182080000001,588.4804720000002
-1359,-1169,1792.61,63.9,9.04,15,4,4083.21,81.72159999999998,260917.11899999998,738.7632639999998,4.157319361385054,2.201659174415147,7.993747556684537,3.0066592756745814,0.01564945226914609,0.11061946902532502,577.656,36912.2184,5222.010239999999,333686.4543359999,7.068584070718268,0.14147104851308062,54.86,72.94,54.86,15.83921030982199,24.034475238706584,4083.21,577.656,81.72159999999998,260917.119,36912.2184,5222.010239999999,738.7632639999997
-1038,-1000,1441.33,63.8,9.11,15,5,4070.4399999999996,82.9921,259694.07199999996,756.0580309999999,4.1557531903523115,2.209372711282844,7.987490219086343,3.018277654557314,0.015673981191198002,0.10976948408221988,581.218,37081.708399999996,5294.895979999999,337814.3635239999,7.0032930844456285,0.14278996865181381,54.69,72.91,54.69,15.943437114228578,24.10846324426341,4070.4399999999996,581.218,82.9921,259694.07199999996,37081.708399999996,5294.895979999999,756.0580309999999
-486,-905,1027.24,62.2,8.3,15,6,3868.84,68.89000000000001,240641.84800000003,571.7870000000001,4.130354999746742,2.1162555148146005,7.886697661252142,2.8809720581775866,0.016077170417980582,0.12048192770939177,516.2600000000001,32111.372000000003,4284.958000000001,266524.3876000001,7.493975903524169,0.13344051446923885,53.900000000000006,70.5,53.900000000000006,14.645673758844477,22.721355593361945,3868.84,516.2600000000001,68.89000000000001,240641.84800000003,32111.372000000007,4284.958000000001,571.7870000000001
-304,-1184,1222.4,62.8,8.77,15,7,3943.8399999999997,76.9129,247673.15199999997,674.5261329999998,4.139955073475745,2.171336806395494,7.92464510246358,2.9614185789921694,0.015923566878955537,0.11402508551751397,550.756,34587.4768,4830.13012,303332.1715359999,7.160775370499877,0.13964968152844004,54.03,71.57,54.03,15.39069442501692,23.468191238354947,3943.8399999999997,550.756,76.9129,247673.15199999997,34587.4768,4830.13012,674.526133
124,-778,787.82,63.5,9.4,15,8,4032.25,88.36000000000001,256047.875,830.5840000000001,4.1510399059002205,2.2407096892865965,7.968688725254614,3.0659419433511785,0.015748031496038192,0.10638297872227252,596.9,37903.15,5610.860000000001,356289.61000000004,6.755319148864305,0.148031496062759,54.1,72.9,54.1,16.375857338797836,24.431536996267752,4032.25,596.9,88.36000000000001,256047.875,37903.15,5610.860000000001,830.5840000000002
527,-902,1044.67,64.1,9.65,15,9,4108.8099999999995,93.1225,263374.7209999999,898.6321250000001,4.1604443639281845,2.266957915361257,8.006247560499238,3.1064449134018135,0.01560062402493666,0.10362694300410749,618.5649999999999,39650.0165,5969.152249999999,382622.65922499995,6.642487046563289,0.15054602184063878,54.449999999999996,73.75,54.449999999999996,16.774644067773863,24.870967009748533,4108.8099999999995,618.5649999999999,93.1225,263374.72099999996,39650.01649999999,5969.152249999999,898.6321250000001
-2076,-1409,2509.0,62.3,7.82,16,0,3881.2899999999995,61.15240000000001,241804.36699999997,478.21176800000006,4.131961425795013,2.0566845545700074,7.893034904268446,2.7964262908219126,0.016051364365945342,0.12787723785002714,487.186,30351.687799999996,3809.7945200000004,237350.198596,7.966751918056691,0.1255216693416926,54.48,70.12,54.48,13.895778665125645,22.0722903206713,3881.2899999999995,487.186,61.15240000000001,241804.36699999997,30351.687799999996,3809.7945200000004,478.21176800000006
-2270,-1136,2538.38,63.6,9.0,16,1,4044.96,81.0,257259.456,729.0,4.1526134703476485,2.1972245773473307,7.974960814950754,3.0,0.01572327044022685,0.11111111110987654,572.4,36404.64,5151.6,327641.76,7.066666666588148,0.14150943396204163,54.6,72.6,54.6,15.768595041300594,23.924882444852262,4044.96,572.4,81.0,257259.456,36404.64,5151.6,729.0
-1915,-1338,2336.12,63.0,8.38,16,2,3969.0,70.22440000000002,250047.0,588.4804720000002,4.14313472639312,2.125847914505925,7.937253933193772,2.894822965226026,0.015873015872990677,0.11933174224201273,527.94,33260.22,4424.137200000001,278720.64360000007,7.517899761246802,0.1330158730156619,54.62,71.38,54.62,14.792378817575244,22.97694496663993,3969.0,527.94,70.22440000000002,250047.0,33260.22,4424.137200000001,588.4804720000002
-1536,-1468,2124.69,64.1,9.15,16,3,4108.8099999999995,83.72250000000001,263374.7209999999,766.0608750000001,4.1604443639281845,2.213753879298359,8.006247560499238,3.024896692450835,0.01560062402493666,0.10928961748514437,586.515,37595.6115,5366.61225,343999.845225,7.0054644807977535,0.14274570982817045,54.949999999999996,73.25,54.949999999999996,16.014061433425237,24.21807176469671,4108.8099999999995,586.515,83.72250000000001,263374.72099999996,37595.6115,5366.61225,766.0608750000001
-1775,-1049,2061.8,63.5,8.36,16,4,4032.25,69.88959999999999,256047.875,584.2770559999999,4.1510399059002205,2.123458427108572,7.968688725254614,2.891366458960192,0.015748031496038192,0.11961722487895196,530.86,33709.61,4437.989599999999,281812.33959999995,7.595693779813449,0.13165354330687928,55.14,71.86,55.14,14.774839966581165,23.04039930209544,4032.25,530.86,69.88959999999999,256047.875,33709.61,4437.989599999999,584.2770559999999
-1780,-746,1930.0,62.4,7.7,16,5,3893.7599999999998,59.290000000000006,242970.62399999998,456.533,4.133565275376984,2.041220328872625,7.899367063252599,2.7748873851023217,0.016025641025615343,0.12987012986844323,480.48,29981.951999999997,3699.6960000000004,230861.03040000002,8.103896103790857,0.12339743589723814,54.699999999999996,70.1,54.699999999999996,13.70841654776932,21.919854014112413,3893.7599999999998,480.48,59.290000000000006,242970.62399999998,29981.952,3699.6960000000004,456.5330000000001
-2089,-642,2185.43,63.7,9.18,16,6,4057.6900000000005,84.27239999999999,258474.85300000003,773.6206319999999,4.154184562579688,2.2170272046432924,7.981227975693966,3.0298514815086235,0.01569858712713391,0.10893246187245172,584.766,37249.59420000001,5368.151879999999,341951.274756,6.938997821275175,0.1441130298270893,54.52,72.88,54.52,16.04736553235998,24.181935406414432,4057.6900000000005,584.766,84.27239999999999,258474.85300000003,37249.5942,5368.151879999999,773.6206319999999
-2118,-1108,2390.31,62.7,8.34,16,7,3931.2900000000004,69.5556,246491.88300000003,580.093704,4.13836144764047,2.121063216382646,7.918333157931662,2.8879058156387303,0.01594896331735893,0.11990407673717142,522.918,32786.958600000005,4361.13612,273443.23472400004,7.517985611420648,0.13301435406677348,54.36,71.04,54.36,14.721790540519816,22.86740037695584,3931.2900000000004,522.918,69.5556,246491.88300000003,32786.958600000005,4361.13612,580.093704
-1634,-770,1806.34,64.3,9.68,16,8,4134.49,93.7024,265847.70699999994,907.039232,4.163559631245129,2.270061901298816,8.018728078691781,3.111269837220809,0.015552099533412828,0.10330578512289974,622.424,40021.8632,6025.0643199999995,387411.635776,6.6425619834024525,0.15054432348343616,54.62,73.97999999999999,54.62,16.826818058912103,24.94842680410931,4134.49,622.424,93.7024,265847.707,40021.8632,6025.0643199999995,907.039232
-1528,-1289,1999.08,66.2,10.61,16,9,4382.4400000000005,112.57209999999999,290117.52800000005,1194.3899809999998,4.192680462944473,2.361796952635317,8.136338242723197,3.257299494980466,0.015105740181246063,0.09425070687941328,702.382,46497.68840000001,7452.27302,493340.47392400005,6.23939679541716,0.16027190332302071,55.59,76.81,55.59,18.288816560319894,26.502490449012523,4382.4400000000005,702.382,112.57209999999999,290117.52800000005,46497.6884,7452.27302,1194.3899809999998
-121,-1330,1335.49,61.3,7.54,17,0,3757.6899999999996,56.8516,230346.39699999997,428.661064,4.115779842943797,2.020222182033127,7.829431652425353,2.745906043549196,0.0163132137030729,0.13262599469320124,462.202,28332.982599999996,3485.0030799999995,213630.68880399998,8.129973474693236,0.12300163132116966,53.76,68.84,53.76,13.428297501433136,21.498883691950148,3757.6899999999996,462.202,56.8516,230346.39699999997,28332.9826,3485.0030799999995,428.661064
-565,-1450,1556.19,62.9,8.41,17,1,3956.41,70.7281,248858.18899999998,594.8233210000001,4.141546163707985,2.1294214739967474,7.930952023559341,2.9,0.015898251192343563,0.1189060642078608,528.989,33273.4081,4448.79749,279829.36212099995,7.4791914386744445,0.13370429252760938,54.489999999999995,71.31,54.489999999999995,14.836320291663391,22.999760868322088,3956.41,528.989,70.7281,248858.18899999998,33273.4081,4448.79749,594.823321
-274,-1135,1167.6,62.1,8.61,17,2,3856.4100000000003,74.1321,239483.06100000002,638.2773809999999,4.128745988941043,2.152924318451254,7.880355321938218,2.9342801502242417,0.01610305958129452,0.11614401858169404,534.6809999999999,33203.6901,4603.60341,285883.771761,7.2125435539232,0.1386473429949458,53.49,70.71000000000001,53.49,15.123207467097828,23.12317019787728,3856.4100000000003,534.6809999999999,74.1321,239483.06100000002,33203.6901,4603.60341,638.2773809999999
-809,-944,1243.23,63.5,8.83,17,3,4032.25,77.9689,256047.875,688.465387,4.1510399059002205,2.1781550146271935,7.968688725254614,2.971531591620725,0.015748031496038192,0.11325028312442526,560.705,35604.7675,4951.02515,314390.097025,7.191392978401003,0.13905511811001722,54.67,72.33,54.67,15.504078528943035,23.67921029088597,4032.25,560.705,77.9689,256047.875,35604.7675,4951.02515,688.4653870000001
-1154,-926,1479.59,63.0,8.79,17,4,3969.0,77.26409999999998,250047.0,679.1514389999998,4.14313472639312,2.173614711708462,7.937253933193772,2.9647934160747185,0.015873015872990677,0.11376564277458744,553.77,34887.509999999995,4867.638299999999,306661.2128999999,7.167235494799009,0.13952380952358803,54.21,71.78999999999999,54.21,15.427496865837266,23.53231820284606,3969.0,553.77,77.26409999999998,250047.0,34887.51,4867.638299999999,679.1514389999998
-1297,-1355,1875.7,63.0,8.32,17,5,3969.0,69.22240000000001,250047.0,575.930368,4.14313472639312,2.1186622548451366,7.937253933193772,2.8844410203711917,0.015873015872990677,0.12019230769086307,524.16,33022.08,4361.011200000001,274743.70560000004,7.572115384524373,0.13206349206328244,54.68,71.32,54.68,14.698822209738223,22.894540834006694,3969.0,524.16,69.22240000000001,250047.0,33022.079999999994,4361.011200000001,575.930368
-1807,-1443,2312.47,61.8,7.63,17,6,3819.24,58.216899999999995,236029.03199999998,444.19494699999996,4.123903364465264,2.032087845309472,7.861297602813418,2.7622454633866265,0.0161812297734366,0.1310615989497895,471.534,29140.801199999998,3597.8044199999995,222344.31315599996,8.09960681509699,0.12346278317132126,54.169999999999995,69.42999999999999,54.169999999999995,13.583004464909143,21.714833639703528,3819.24,471.534,58.216899999999995,236029.03199999998,29140.801199999998,3597.8044199999995,444.19494699999996
-1729,-931,1963.72,62.9,8.4,17,7,3956.41,70.56,248858.18899999998,592.7040000000001,4.141546163707985,2.1282317058611726,7.930952023559341,2.898275349237888,0.015898251192343563,0.11904761904620181,528.36,33233.844,4438.224,279164.2896,7.4880952380060934,0.13354531001568595,54.5,71.3,54.5,14.82075736323307,22.98608274587038,3956.41,528.36,70.56,248858.18899999998,33233.844,4438.224,592.7040000000001
-2265,-851,2419.59,63.3,8.84,17,8,4006.8899999999994,78.1456,253636.13699999996,690.807104,4.14788532915171,2.179286876660864,7.956129712366434,2.973213749463701,0.015797788309611694,0.1131221719444217,559.572,35420.90759999999,4946.61648,313120.823184,7.1606334840818935,0.13965244865696738,54.459999999999994,72.14,54.459999999999994,15.513501524791359,23.655274253324563,4006.8899999999994,559.572,78.1456,253636.13699999996,35420.9076,4946.61648,690.807104
-1776,-713,1913.78,63.0,8.22,17,9,3969.0,67.56840000000001,250047.0,555.4122480000001,4.14313472639312,2.106570209080254,7.937253933193772,2.86705423736629,0.015873015872990677,0.12165450121506502,517.86,32625.180000000004,4256.809200000001,268178.9796,7.664233576549096,0.13047619047598338,54.78,71.22,54.78,14.542544229128696,22.756537522215456,3969.0,517.86,67.56840000000001,250047.0,32625.18,4256.809200000001,555.4122480000001
-1664,-1262,2088.43,64.9,9.52,18,0,4212.010000000001,90.6304,273359.4490000001,862.8014079999999,4.1728476237115855,2.253394848813778,8.056053624449133,3.0854497241083023,0.015408320493042513,0.10504201680561931,617.8480000000001,40098.33520000001,5881.912960000001,381736.1511040001,6.817226890684694,0.1466872110937647,55.38000000000001,74.42,55.38000000000001,16.60435366834641,24.856548432958267,4212.010000000001,617.8480000000001,90.6304,273359.4490000001,40098.33520000001,5881.912960000001,862.8014079999999
-1322,-1368,1902.4,62.8,8.13,18,1,3943.8399999999997,66.09690000000002,247673.15199999997,537.3677970000001,4.139955073475745,2.0955609235720196,7.92464510246358,2.8513154858766505,0.015923566878955537,0.12300123001078718,510.564,32063.4192,4150.885320000001,260675.59809600006,7.724477244677435,0.1294585987259085,54.669999999999995,70.92999999999999,54.669999999999995,14.39627802056338,22.595663300730962,3943.8399999999997,510.564,66.09690000000002,247673.15199999997,32063.4192,4150.885320000001,537.3677970000002
-1199,-1007,1565.77,63.4,8.69,18,2,4019.56,75.5161,254840.104,656.2349089999999,4.149463861444757,2.162172939288808,7.962411694957753,2.947880594596735,0.01577287066243569,0.1150747986177782,550.9459999999999,34929.9764,4787.72074,303541.494916,7.295742232367138,0.13706624605656614,54.71,72.09,54.71,15.284949368823295,23.472238921756055,4019.56,550.9459999999999,75.5161,254840.104,34929.97639999999,4787.72074,656.2349089999999
-1019,-1303,1654.14,63.3,8.46,18,3,4006.8899999999994,71.57160000000002,253636.13699999996,605.4957360000002,4.14788532915171,2.1353491736299524,7.956129712366434,2.9086079144497976,0.015797788309611694,0.11820330969127418,535.518,33898.2894,4530.482280000001,286779.528324,7.482269503457656,0.13364928909931495,54.839999999999996,71.75999999999999,54.839999999999996,14.925250836099606,23.1412618497782,4006.8899999999994,535.518,71.57160000000002,253636.13699999996,33898.2894,4530.482280000001,605.4957360000002
-1133,-943,1474.09,62.7,8.47,18,4,3931.2900000000004,71.74090000000001,246491.88300000003,607.6454230000002,4.13836144764047,2.1365305086757695,7.918333157931662,2.91032644217105,0.01594896331735893,0.11806375442599688,531.0690000000001,33298.026300000005,4498.1544300000005,282034.2827610001,7.402597402510004,0.13508771929803015,54.230000000000004,71.17,54.230000000000004,14.923956723317517,23.044934367448306,3931.2900000000004,531.0690000000001,71.74090000000001,246491.88300000003,33298.026300000005,4498.1544300000005,607.6454230000002
-1341,-1204,1802.19,62.9,8.17,18,5,3956.41,66.74889999999999,248858.18899999998,545.338513,4.141546163707985,2.1004689088841513,7.930952023559341,2.8583211855912904,0.015898251192343563,0.12239902080633538,513.893,32323.8697,4198.50581,264086.01544899994,7.698898408718495,0.1298887122414469,54.73,71.07,54.73,14.461601238195497,22.66920819084778,3956.41,513.893,66.74889999999999,248858.18899999998,32323.8697,4198.50581,545.3385129999999
-1802,-1148,2136.61,63.4,8.76,18,6,4019.56,76.7376,254840.104,672.221376,4.149463861444757,2.1701959049597157,7.962411694957753,2.9597297173897483,0.01577287066243569,0.11415525114024937,555.384,35211.3456,4865.16384,308451.387456,7.23744292229181,0.13817034700293662,54.64,72.16,54.64,15.393126385787982,23.566586515658138,4019.56,555.384,76.7376,254840.104,35211.3456,4865.16384,672.221376
-1340,-961,1648.98,62.6,8.03,18,7,3918.76,64.48089999999999,245314.37600000002,517.7816269999998,4.13676527810765,2.0831845279711234,7.912016177940993,2.8337254630609507,0.01597444089454317,0.12453300124377918,502.678,31467.642799999998,4036.5043399999995,252685.17168399997,7.7957658778605765,0.12827476038318164,54.57,70.63,54.57,14.23412147810529,22.420481707581576,3918.76,502.678,64.48089999999999,245314.37600000002,31467.6428,4036.5043399999995,517.7816269999998
-1770,-916,1992.98,62.7,8.29,18,8,3931.2900000000004,68.72409999999999,246491.88300000003,569.7227889999998,4.13836144764047,2.115049969159266,7.918333157931662,2.8792360097775935,0.01594896331735893,0.12062726175970294,519.783,32590.3941,4309.001069999999,270174.367089,7.563329312333375,0.13221690590090554,54.410000000000004,70.99000000000001,54.410000000000004,14.643837160142773,22.79874996573277,3931.2900000000004,519.783,68.72409999999999,246491.88300000003,32590.3941,4309.001069999999,569.7227889999999
-2059,-1257,2412.37,62.1,7.82,18,9,3856.4100000000003,61.15240000000001,239483.06100000002,478.21176800000006,4.128745988941043,2.0566845545700074,7.880355321938218,2.7964262908219126,0.01610305958129452,0.12787723785002714,485.622,30157.126200000002,3797.5640400000007,235828.72688400003,7.941176470486686,0.12592592592572313,54.28,69.92,54.28,13.890789473664343,22.036832803286412,3856.4100000000003,485.622,61.15240000000001,239483.06100000002,30157.126200000002,3797.5640400000007,478.21176800000006
-1494,-1093,1851.13,64.8,9.86,19,0,4199.04,97.21959999999999,272097.79199999996,958.5852559999998,4.171305603359772,2.288486168624686,8.049844718999243,3.1400636936215163,0.015432098765408284,0.10141987829511745,638.9279999999999,41402.5344,6299.830079999999,408228.98918399995,6.57200811352361,0.15216049382692567,54.94,74.66,54.94,17.1156710420344,25.277025141420417,4199.04,638.9279999999999,97.21959999999999,272097.79199999996,41402.53439999999,6299.830079999999,958.5852559999998
-1138,-1147,1615.75,62.6,8.0,19,1,3918.76,64.0,245314.37600000002,512.0,4.13676527810765,2.079441541692336,7.912016177940993,2.8284271247461903,0.01597444089454317,0.1249999999984375,500.8,31350.08,4006.4,250800.64,7.824999999902188,0.12779552715634537,54.6,70.6,54.6,14.186968838506818,22.378561169118985,3918.76,500.8,64.0,245314.37600000002,31350.08,4006.4,512.0
-1071,-855,1370.43,63.0,8.69,19,2,3969.0,75.5161,250047.0,656.2349089999999,4.14313472639312,2.162172939288808,7.937253933193772,2.947880594596735,0.015873015872990677,0.1150747986177782,547.4699999999999,34490.61,4757.5143,299723.40089999995,7.2497123129200265,0.13793650793628898,54.31,71.69,54.31,15.273259868858593,23.39807684404853,3969.0,547.4699999999999,75.5161,250047.0,34490.60999999999,4757.5143,656.2349089999999
-1345,-1324,1887.33,63.3,8.44,19,3,4006.8899999999994,71.2336,253636.13699999996,601.2115839999999,4.14788532915171,2.132982308619714,7.956129712366434,2.90516780926679,0.015797788309611694,0.11848341232087106,534.252,33818.15159999999,4509.08688,285425.19950399996,7.499999999911138,0.1333333333331227,54.86,71.74,54.86,14.894117647038062,23.113891926718008,4006.8899999999994,534.252,71.2336,253636.13699999996,33818.1516,4509.08688,601.2115839999999
-1877,-1116,2183.71,63.4,8.67,19,4,4019.56,75.1689,254840.104,651.7143629999999,4.149463861444757,2.1598687908039844,7.962411694957753,2.9444863728670914,0.01577287066243569,0.11534025374722791,549.678,34849.5852,4765.708259999999,302145.90368399996,7.3125720875742495,0.13675078864331744,54.73,72.07,54.73,15.254003052566597,23.445212730960662,4019.56,549.678,75.1689,254840.104,34849.5852,4765.708259999999,651.7143629999999
-2245,-891,2415.35,63.2,8.96,19,5,3994.2400000000002,80.28160000000001,252435.96800000002,719.3231360000002,4.1463043011543945,2.192770226998,7.9498427657407165,2.9933259094191533,0.015822784810101544,0.11160714285589723,566.272,35788.390400000004,5073.797120000001,320663.97798400006,7.053571428492705,0.14177215189850986,54.24,72.16,54.24,15.694900221707742,23.796470326500106,3994.2400000000002,566.272,80.28160000000001,252435.96800000002,35788.390400000004,5073.797120000001,719.3231360000002
-2012,-1228,2357.14,62.7,8.33,19,6,3931.2900000000004,69.3889,246491.88300000003,578.009537,4.13836144764047,2.1198634561907563,7.918333157931662,2.8861739379323623,0.01594896331735893,0.12004801920624192,522.291,32747.645700000005,4350.68403,272787.88868100004,7.527010804231368,0.1328548644335999,54.370000000000005,71.03,54.370000000000005,14.706208644214128,22.853686792288023,3931.2900000000004,522.291,69.3889,246491.88300000003,32747.645700000005,4350.68403,578.009537
-2421,-1234,2717.35,61.4,7.29,19,7,3769.96,53.1441,231475.544,387.42048900000003,4.117409835154725,1.9865035460342841,7.835815209663893,2.7,0.016286644951113538,0.13717421124640364,447.606,27483.0084,3263.04774,200351.13123600002,8.422496570529184,0.1187296416936177,54.11,68.69,54.11,13.032639394361578,21.156701066092513,3769.96,447.606,53.1441,231475.544,27483.0084,3263.04774,387.42048900000003
-2370,-852,2518.49,62.4,8.21,19,8,3893.7599999999998,67.40410000000001,242970.62399999998,553.3876610000002,4.133565275376984,2.1053529234765174,7.899367063252599,2.8653097563788807,0.016025641025615343,0.1218026796574689,512.3040000000001,31967.7696,4206.015840000001,262455.38841600006,7.600487210626059,0.131570512820302,54.19,70.61,54.19,14.510805834847034,22.63413351555566,3893.7599999999998,512.3040000000001,67.40410000000001,242970.62399999998,31967.769600000003,4206.015840000001,553.3876610000002
-2500,-1387,2858.98,61.8,7.71,19,9,3819.24,59.4441,236029.03199999998,458.314011,4.123903364465264,2.0425181875882084,7.861297602813418,2.7766886753829643,0.0161812297734366,0.12970168612023733,476.47799999999995,29446.340399999997,3673.64538,227031.28448399997,8.015564202230667,0.12475728155319618,54.089999999999996,69.50999999999999,54.089999999999996,13.709624514438628,21.82837602754726,3819.24,476.47799999999995,59.4441,236029.03199999998,29446.340399999997,3673.64538,458.314011
